{ "compressionlevel":-1,
 "height":50,
 "infinite":false,
 "layers":[
        {
         "data":[0, 0, 0, 0, 0, 0, 0, 0, 0, 0, 0, 0, 0, 0, 0, 0, 864, 865, 0, 0, 0, 0, 0, 0, 0, 0, 0, 0, 0, 0, 0, 0, 0, 0, 0, 0, 0, 0, 0, 0, 0, 0, 0, 0, 0, 0, 0, 0, 0, 0,
            0, 0, 0, 0, 0, 0, 0, 0, 0, 0, 0, 0, 0, 0, 0, 0, 877, 878, 0, 0, 0, 0, 0, 0, 0, 0, 0, 0, 0, 0, 0, 0, 0, 0, 0, 0, 0, 0, 0, 984, 985, 0, 0, 0, 0, 0, 0, 0, 0, 0,
            0, 0, 0, 0, 0, 0, 0, 0, 0, 0, 0, 0, 0, 0, 0, 0, 828, 829, 0, 0, 0, 0, 0, 0, 0, 994, 995, 0, 0, 0, 0, 0, 0, 0, 0, 0, 0, 0, 0, 997, 998, 0, 0, 0, 0, 0, 0, 0, 0, 0,
            0, 0, 0, 873, 874, 0, 0, 0, 0, 0, 0, 0, 0, 0, 0, 0, 841, 842, 0, 0, 0, 0, 0, 0, 0, 0, 0, 0, 0, 0, 0, 0, 0, 0, 0, 0, 0, 0, 0, 0, 0, 0, 0, 981, 982, 983, 0, 0, 0, 0,
            0, 0, 0, 886, 887, 0, 0, 0, 948, 949, 913, 0, 0, 0, 0, 0, 825, 826, 0, 0, 0, 0, 0, 0, 0, 0, 0, 0, 0, 0, 0, 0, 0, 0, 0, 0, 0, 0, 0, 994, 995, 0, 0, 0, 0, 0, 0, 0, 0, 0,
            0, 0, 0, 909, 910, 0, 0, 0, 948, 949, 926, 0, 0, 0, 0, 0, 838, 839, 0, 994, 995, 0, 0, 0, 0, 0, 0, 0, 0, 0, 0, 0, 0, 0, 0, 0, 867, 868, 0, 0, 0, 0, 0, 0, 0, 0, 0, 0, 0, 0,
            0, 0, 0, 922, 910, 0, 0, 0, 0, 0, 0, 0, 0, 0, 0, 0, 828, 829, 0, 0, 0, 0, 0, 0, 0, 0, 0, 0, 0, 0, 0, 0, 0, 0, 0, 0, 880, 881, 0, 0, 0, 0, 0, 0, 0, 0, 0, 0, 0, 0,
            0, 0, 0, 948, 923, 0, 0, 0, 0, 0, 0, 0, 0, 0, 0, 0, 841, 842, 0, 0, 0, 0, 0, 0, 0, 0, 0, 0, 0, 0, 0, 0, 0, 0, 0, 0, 906, 907, 0, 0, 0, 0, 0, 0, 0, 0, 0, 0, 0, 0,
            0, 0, 0, 0, 912, 0, 0, 0, 909, 912, 913, 0, 0, 0, 0, 0, 906, 907, 0, 0, 0, 0, 0, 0, 0, 0, 0, 0, 0, 0, 0, 0, 0, 0, 0, 0, 919, 920, 0, 0, 0, 0, 0, 0, 0, 0, 0, 0, 0, 0,
            0, 0, 0, 0, 912, 0, 0, 0, 922, 912, 926, 0, 0, 0, 0, 0, 919, 920, 0, 0, 0, 0, 0, 0, 0, 0, 0, 0, 0, 0, 0, 0, 0, 0, 0, 0, 942, 916, 0, 0, 0, 0, 0, 0, 0, 0, 0, 0, 0, 0,
            0, 0, 0, 0, 912, 0, 0, 0, 909, 912, 913, 0, 0, 0, 0, 0, 903, 904, 0, 0, 0, 0, 0, 0, 0, 0, 0, 0, 0, 0, 0, 0, 0, 0, 0, 0, 942, 916, 0, 0, 0, 0, 0, 0, 0, 0, 0, 0, 0, 0,
            0, 0, 0, 0, 912, 0, 0, 0, 922, 912, 926, 0, 0, 0, 0, 0, 916, 917, 0, 0, 0, 0, 0, 0, 0, 0, 0, 0, 0, 0, 0, 0, 0, 0, 0, 0, 942, 916, 0, 0, 0, 0, 0, 0, 0, 0, 0, 0, 0, 0,
            0, 0, 0, 0, 925, 0, 0, 0, 942, 925, 956, 0, 0, 0, 0, 0, 906, 907, 0, 0, 0, 0, 0, 0, 0, 0, 0, 0, 0, 0, 0, 0, 0, 0, 0, 0, 942, 0, 0, 0, 0, 0, 0, 0, 0, 0, 0, 0, 0, 0,
            0, 0, 0, 0, 0, 0, 0, 0, 951, 910, 965, 0, 0, 0, 0, 0, 919, 920, 0, 0, 0, 0, 0, 0, 0, 0, 0, 0, 0, 0, 0, 0, 0, 0, 0, 0, 0, 0, 0, 0, 0, 0, 0, 0, 0, 0, 0, 0, 0, 0,
            0, 0, 0, 0, 0, 0, 0, 0, 951, 923, 965, 0, 0, 0, 0, 0, 903, 904, 0, 0, 0, 0, 0, 0, 0, 0, 0, 0, 0, 0, 0, 0, 0, 0, 0, 0, 0, 0, 0, 0, 0, 0, 0, 0, 0, 0, 0, 0, 0, 0,
            0, 0, 0, 0, 0, 0, 0, 0, 909, 910, 913, 0, 0, 0, 0, 0, 916, 917, 0, 0, 0, 0, 0, 0, 0, 0, 0, 0, 0, 0, 0, 0, 0, 0, 0, 0, 0, 0, 0, 0, 0, 0, 0, 0, 0, 0, 0, 0, 0, 0,
            0, 0, 0, 0, 0, 0, 0, 0, 922, 923, 926, 0, 0, 0, 0, 0, 906, 907, 0, 0, 0, 0, 0, 0, 0, 0, 0, 0, 0, 0, 0, 0, 0, 0, 0, 0, 0, 0, 0, 0, 0, 0, 0, 0, 0, 0, 0, 0, 0, 0,
            0, 0, 0, 0, 0, 0, 0, 0, 951, 910, 965, 0, 0, 0, 0, 0, 919, 920, 0, 0, 0, 0, 0, 0, 0, 0, 0, 0, 0, 0, 0, 0, 0, 0, 0, 0, 0, 0, 0, 0, 0, 0, 0, 0, 0, 0, 0, 0, 0, 0,
            0, 0, 0, 0, 0, 0, 0, 0, 951, 923, 965, 0, 0, 0, 0, 0, 903, 904, 0, 0, 0, 0, 0, 0, 0, 0, 0, 0, 0, 0, 0, 0, 0, 0, 0, 0, 0, 0, 0, 0, 0, 0, 0, 0, 0, 0, 0, 0, 0, 0,
            0, 0, 0, 0, 0, 0, 0, 0, 951, 910, 913, 0, 0, 0, 0, 0, 916, 917, 0, 0, 0, 0, 0, 0, 0, 0, 0, 0, 0, 0, 0, 0, 0, 0, 0, 0, 0, 0, 0, 0, 0, 0, 0, 0, 0, 0, 0, 0, 0, 0,
            0, 0, 0, 0, 0, 0, 0, 0, 909, 910, 926, 0, 0, 0, 0, 0, 906, 907, 0, 0, 0, 0, 0, 0, 0, 0, 0, 0, 0, 0, 0, 0, 0, 0, 0, 0, 0, 0, 0, 0, 0, 0, 0, 0, 0, 0, 0, 0, 0, 0,
            0, 0, 0, 0, 0, 0, 0, 0, 922, 910, 965, 0, 0, 0, 0, 0, 919, 920, 0, 0, 0, 0, 0, 0, 0, 0, 0, 0, 0, 0, 0, 0, 0, 0, 0, 0, 0, 0, 0, 0, 0, 0, 0, 0, 0, 0, 0, 0, 0, 0,
            0, 0, 0, 0, 0, 0, 0, 0, 951, 910, 965, 0, 0, 0, 0, 0, 903, 904, 0, 0, 0, 0, 0, 0, 0, 0, 0, 0, 0, 0, 0, 0, 0, 0, 0, 0, 0, 0, 0, 0, 0, 0, 0, 0, 0, 0, 0, 0, 0, 0,
            0, 0, 0, 0, 0, 0, 0, 0, 951, 923, 965, 0, 0, 0, 0, 0, 916, 917, 0, 0, 0, 0, 0, 0, 0, 0, 0, 0, 0, 0, 0, 0, 0, 0, 0, 0, 0, 0, 0, 0, 0, 0, 0, 0, 0, 0, 0, 0, 0, 0,
            0, 0, 0, 0, 0, 0, 0, 0, 0, 0, 0, 0, 0, 0, 0, 0, 0, 0, 0, 0, 0, 0, 0, 0, 0, 0, 0, 0, 0, 0, 0, 0, 0, 0, 0, 0, 0, 0, 0, 0, 0, 0, 0, 0, 0, 0, 0, 0, 0, 0,
            0, 0, 0, 0, 0, 0, 0, 0, 0, 0, 0, 0, 0, 0, 0, 0, 0, 0, 0, 0, 0, 0, 0, 0, 0, 0, 0, 0, 0, 0, 0, 0, 0, 0, 0, 0, 0, 0, 0, 0, 0, 0, 0, 0, 0, 0, 0, 0, 0, 0,
            0, 0, 0, 0, 0, 0, 0, 0, 0, 0, 0, 0, 0, 0, 0, 0, 0, 0, 0, 0, 0, 0, 0, 0, 0, 0, 0, 0, 0, 0, 0, 0, 0, 0, 0, 0, 0, 0, 0, 0, 0, 0, 0, 0, 0, 0, 0, 0, 0, 0,
            0, 0, 0, 0, 0, 0, 0, 0, 0, 0, 0, 0, 0, 0, 0, 0, 0, 0, 0, 0, 0, 0, 0, 0, 0, 0, 0, 0, 0, 0, 0, 0, 0, 0, 0, 0, 0, 0, 0, 0, 0, 0, 0, 0, 0, 0, 0, 0, 0, 0,
            0, 0, 0, 0, 0, 0, 0, 0, 0, 0, 0, 0, 0, 0, 0, 0, 0, 0, 0, 0, 0, 0, 0, 0, 0, 0, 0, 0, 0, 0, 0, 0, 0, 0, 0, 0, 0, 0, 0, 0, 0, 0, 0, 0, 0, 0, 0, 0, 0, 0,
            0, 0, 0, 0, 0, 0, 0, 0, 0, 0, 0, 0, 0, 0, 0, 0, 0, 0, 0, 0, 0, 0, 0, 0, 0, 0, 0, 0, 0, 0, 0, 0, 0, 0, 0, 0, 0, 0, 0, 0, 0, 0, 0, 0, 0, 0, 0, 0, 0, 0,
            0, 0, 0, 0, 0, 0, 0, 0, 0, 0, 0, 0, 0, 0, 0, 0, 0, 0, 0, 0, 0, 0, 0, 0, 0, 0, 0, 0, 0, 0, 0, 0, 0, 0, 0, 0, 0, 0, 0, 0, 0, 0, 0, 0, 0, 0, 0, 0, 0, 0,
            0, 0, 0, 0, 0, 0, 0, 0, 0, 0, 0, 0, 0, 0, 0, 0, 0, 0, 0, 0, 0, 0, 0, 0, 0, 0, 0, 0, 0, 0, 0, 0, 0, 0, 0, 0, 0, 0, 0, 0, 0, 0, 0, 0, 0, 0, 0, 0, 0, 0,
            0, 0, 0, 0, 0, 0, 0, 0, 0, 0, 0, 0, 0, 0, 0, 0, 0, 0, 0, 0, 0, 0, 0, 0, 0, 0, 0, 0, 0, 0, 0, 0, 0, 0, 0, 0, 0, 0, 0, 0, 0, 0, 0, 0, 0, 0, 0, 0, 0, 0,
            0, 0, 0, 0, 0, 0, 0, 0, 0, 0, 0, 0, 0, 0, 0, 0, 0, 0, 0, 0, 0, 0, 0, 0, 0, 0, 0, 0, 0, 0, 0, 0, 0, 0, 0, 0, 0, 0, 0, 0, 0, 0, 0, 0, 0, 0, 0, 0, 0, 0,
            0, 0, 0, 0, 0, 0, 0, 0, 0, 0, 0, 0, 0, 0, 0, 0, 0, 0, 0, 0, 0, 0, 0, 0, 0, 0, 0, 0, 0, 0, 0, 0, 0, 0, 0, 0, 0, 0, 0, 0, 0, 0, 0, 0, 0, 0, 0, 0, 0, 0,
            0, 0, 0, 0, 0, 0, 0, 0, 0, 0, 0, 0, 0, 0, 0, 0, 0, 0, 0, 0, 0, 0, 0, 0, 0, 0, 0, 0, 0, 0, 0, 0, 0, 0, 0, 0, 0, 0, 0, 0, 0, 0, 0, 0, 0, 0, 0, 0, 0, 0,
            0, 0, 0, 0, 0, 0, 0, 0, 0, 0, 0, 0, 0, 0, 0, 0, 0, 0, 0, 0, 0, 0, 0, 0, 0, 0, 0, 0, 0, 0, 0, 0, 0, 0, 0, 0, 0, 0, 0, 0, 0, 0, 0, 0, 0, 0, 0, 0, 0, 0,
            0, 0, 0, 0, 0, 0, 0, 0, 0, 0, 0, 0, 0, 0, 0, 0, 0, 0, 0, 0, 0, 0, 0, 0, 0, 0, 0, 0, 0, 0, 0, 0, 0, 0, 0, 0, 0, 0, 0, 0, 0, 0, 0, 0, 0, 0, 0, 0, 0, 0,
            0, 0, 0, 0, 0, 0, 0, 0, 0, 0, 0, 0, 0, 0, 0, 0, 0, 0, 0, 0, 0, 0, 0, 0, 0, 0, 0, 0, 0, 0, 0, 0, 0, 0, 0, 0, 0, 0, 0, 0, 0, 0, 0, 0, 0, 0, 0, 0, 0, 0,
            0, 0, 0, 0, 0, 0, 0, 0, 0, 0, 0, 0, 0, 0, 0, 0, 0, 0, 0, 0, 0, 0, 0, 0, 0, 0, 0, 0, 0, 0, 0, 0, 0, 0, 0, 0, 0, 0, 0, 0, 0, 0, 0, 0, 0, 0, 0, 0, 0, 0,
            0, 0, 0, 0, 0, 0, 0, 0, 0, 0, 0, 0, 0, 0, 0, 0, 0, 0, 0, 0, 0, 0, 0, 0, 0, 0, 0, 0, 0, 0, 0, 0, 0, 0, 0, 0, 0, 0, 0, 0, 0, 0, 0, 0, 0, 0, 0, 0, 0, 0,
            0, 0, 0, 0, 0, 0, 0, 0, 0, 0, 0, 0, 0, 0, 0, 0, 0, 0, 0, 0, 0, 0, 0, 0, 0, 0, 0, 0, 0, 0, 0, 0, 0, 0, 0, 0, 0, 0, 0, 0, 0, 0, 0, 0, 0, 0, 0, 0, 0, 0,
            0, 0, 0, 0, 0, 0, 0, 0, 0, 0, 0, 0, 0, 0, 0, 0, 0, 0, 0, 0, 0, 0, 0, 0, 0, 0, 0, 0, 0, 0, 0, 0, 0, 0, 0, 0, 0, 0, 0, 0, 0, 0, 0, 0, 0, 0, 0, 0, 0, 0,
            0, 0, 0, 0, 0, 0, 0, 0, 0, 0, 0, 0, 0, 0, 0, 0, 0, 0, 0, 0, 0, 0, 0, 0, 0, 0, 0, 0, 0, 0, 0, 0, 0, 0, 0, 0, 0, 0, 0, 0, 0, 0, 0, 0, 0, 0, 0, 0, 0, 0,
            0, 0, 0, 0, 0, 0, 0, 0, 0, 0, 0, 0, 0, 0, 0, 0, 0, 0, 0, 0, 0, 0, 0, 0, 0, 0, 0, 0, 0, 0, 0, 0, 0, 0, 0, 0, 0, 0, 0, 0, 0, 0, 0, 0, 0, 0, 0, 0, 0, 0,
            0, 0, 0, 0, 0, 0, 0, 0, 0, 0, 0, 0, 0, 0, 0, 0, 0, 0, 0, 0, 0, 0, 0, 0, 0, 0, 0, 0, 0, 0, 0, 0, 0, 0, 0, 0, 0, 0, 0, 0, 0, 0, 0, 0, 0, 0, 0, 0, 0, 0,
            0, 0, 0, 0, 0, 0, 0, 0, 0, 0, 0, 0, 0, 0, 0, 0, 0, 0, 0, 0, 0, 0, 0, 0, 0, 0, 0, 0, 0, 0, 0, 0, 0, 0, 0, 0, 0, 0, 0, 0, 0, 0, 0, 0, 0, 0, 0, 0, 0, 0,
            0, 0, 0, 0, 0, 0, 0, 0, 0, 0, 0, 0, 0, 0, 0, 0, 0, 0, 0, 0, 0, 0, 0, 0, 0, 0, 0, 0, 0, 0, 0, 0, 0, 0, 0, 0, 0, 0, 0, 0, 0, 0, 0, 0, 0, 0, 0, 0, 0, 0,
            0, 0, 0, 0, 0, 0, 0, 0, 0, 0, 0, 0, 0, 0, 0, 0, 0, 0, 0, 0, 0, 0, 0, 0, 0, 0, 0, 0, 0, 0, 0, 0, 0, 0, 0, 0, 0, 0, 0, 0, 0, 0, 0, 0, 0, 0, 0, 0, 0, 0,
            0, 0, 0, 0, 0, 0, 0, 0, 0, 0, 0, 0, 0, 0, 0, 0, 0, 0, 0, 0, 0, 0, 0, 0, 0, 0, 0, 0, 0, 0, 0, 0, 0, 0, 0, 0, 0, 0, 0, 0, 0, 0, 0, 0, 0, 0, 0, 0, 0, 0],
         "height":50,
         "id":4,
         "name":"background-2",
         "opacity":1,
         "type":"tilelayer",
         "visible":true,
         "width":50,
         "x":0,
         "y":0
        }, 
        {
         "data":[0, 0, 0, 0, 0, 0, 0, 0, 0, 0, 0, 0, 0, 0, 0, 0, 0, 0, 0, 0, 0, 0, 0, 0, 0, 0, 0, 0, 0, 0, 0, 0, 0, 0, 0, 0, 0, 0, 0, 0, 0, 0, 0, 0, 0, 0, 0, 0, 0, 0,
            0, 0, 0, 0, 0, 0, 0, 0, 0, 0, 0, 0, 0, 708, 709, 0, 0, 0, 0, 0, 0, 0, 0, 0, 0, 0, 0, 0, 0, 0, 0, 0, 0, 0, 0, 0, 0, 0, 0, 0, 0, 0, 0, 0, 0, 0, 0, 0, 0, 0,
            0, 0, 0, 0, 0, 0, 0, 0, 0, 0, 0, 0, 0, 721, 722, 0, 0, 0, 0, 0, 0, 0, 0, 0, 0, 0, 0, 0, 0, 0, 0, 0, 0, 0, 0, 0, 0, 0, 0, 0, 0, 0, 0, 0, 0, 0, 0, 0, 0, 0,
            0, 0, 708, 709, 0, 730, 727, 728, 0, 0, 0, 0, 0, 747, 748, 0, 0, 0, 0, 0, 0, 0, 0, 0, 0, 0, 0, 0, 0, 0, 0, 0, 0, 0, 708, 709, 0, 0, 0, 0, 0, 0, 0, 0, 0, 0, 0, 0, 0, 0,
            0, 0, 721, 722, 0, 753, 754, 757, 0, 0, 0, 0, 0, 760, 761, 0, 0, 0, 0, 0, 0, 0, 0, 0, 0, 0, 0, 0, 0, 0, 0, 0, 0, 0, 721, 722, 0, 0, 0, 0, 0, 0, 0, 0, 0, 0, 299, 300, 0, 0,
            0, 0, 747, 748, 0, 766, 767, 770, 0, 0, 0, 0, 0, 750, 751, 0, 0, 0, 0, 0, 0, 0, 0, 0, 0, 0, 0, 0, 0, 0, 0, 0, 0, 0, 747, 750, 0, 0, 0, 0, 0, 0, 0, 0, 0, 0, 332, 333, 0, 0,
            0, 0, 760, 0, 0, 792, 793, 806, 0, 0, 0, 0, 0, 763, 764, 0, 0, 0, 0, 0, 0, 0, 0, 0, 0, 0, 300, 300, 300, 300, 301, 0, 0, 0, 760, 760, 0, 0, 0, 0, 0, 0, 0, 0, 0, 0, 332, 333, 0, 0,
            0, 0, 0, 0, 0, 792, 808, 806, 0, 0, 0, 0, 0, 747, 748, 0, 0, 0, 0, 0, 0, 0, 0, 0, 0, 0, 0, 0, 333, 333, 334, 0, 0, 0, 760, 760, 0, 0, 0, 0, 708, 709, 0, 0, 0, 0, 332, 333, 0, 0,
            0, 0, 0, 0, 0, 792, 754, 806, 0, 0, 0, 0, 0, 760, 761, 0, 0, 0, 0, 0, 0, 0, 0, 0, 0, 0, 0, 0, 0, 333, 334, 0, 0, 0, 750, 764, 0, 0, 0, 0, 747, 748, 0, 0, 0, 0, 332, 333, 0, 0,
            0, 0, 0, 0, 0, 792, 754, 806, 0, 0, 0, 0, 0, 750, 751, 0, 0, 0, 0, 0, 0, 0, 0, 0, 0, 0, 0, 0, 0, 333, 334, 0, 0, 0, 764, 764, 0, 0, 0, 0, 760, 761, 0, 0, 0, 0, 332, 333, 0, 0,
            0, 0, 0, 0, 0, 792, 767, 806, 0, 0, 0, 0, 0, 763, 764, 0, 0, 0, 0, 0, 0, 0, 0, 0, 0, 0, 0, 0, 0, 333, 334, 0, 0, 0, 764, 764, 0, 0, 0, 0, 750, 751, 0, 0, 0, 0, 365, 0, 0, 0,
            0, 0, 0, 0, 0, 792, 754, 806, 0, 0, 0, 0, 0, 747, 748, 0, 0, 0, 0, 0, 0, 0, 0, 0, 0, 0, 0, 333, 333, 333, 334, 0, 0, 0, 764, 764, 0, 0, 0, 0, 763, 764, 0, 0, 0, 0, 0, 0, 0, 0,
            0, 0, 0, 0, 0, 792, 767, 806, 0, 0, 0, 0, 0, 760, 761, 0, 0, 0, 0, 0, 0, 0, 0, 0, 0, 0, 0, 366, 366, 366, 367, 0, 0, 0, 0, 0, 0, 0, 0, 0, 0, 0, 0, 0, 0, 0, 0, 0, 0, 0,
            0, 0, 0, 0, 0, 0, 0, 0, 0, 0, 0, 0, 0, 0, 0, 0, 0, 0, 0, 0, 0, 0, 0, 0, 0, 0, 0, 0, 0, 0, 0, 0, 0, 0, 0, 0, 0, 0, 0, 0, 0, 0, 0, 0, 0, 0, 0, 0, 0, 0,
            0, 0, 0, 0, 0, 0, 0, 0, 0, 0, 0, 0, 0, 0, 0, 0, 0, 0, 0, 0, 0, 0, 0, 0, 0, 0, 0, 0, 0, 0, 0, 0, 0, 0, 0, 0, 0, 0, 0, 0, 0, 0, 0, 0, 0, 0, 0, 0, 0, 0,
            0, 0, 0, 0, 0, 0, 0, 0, 0, 0, 0, 0, 0, 0, 0, 0, 0, 0, 0, 0, 0, 0, 0, 0, 0, 0, 0, 0, 0, 0, 0, 0, 0, 0, 0, 0, 0, 0, 0, 0, 0, 0, 0, 0, 0, 0, 0, 0, 0, 0,
            0, 0, 0, 0, 0, 0, 0, 0, 0, 0, 0, 0, 0, 750, 751, 0, 0, 0, 0, 0, 0, 0, 0, 0, 0, 0, 0, 0, 0, 0, 0, 0, 0, 0, 0, 0, 0, 0, 0, 0, 0, 0, 0, 0, 0, 0, 0, 0, 0, 0,
            0, 0, 0, 0, 0, 0, 0, 0, 0, 0, 0, 0, 0, 763, 764, 0, 0, 0, 0, 0, 0, 0, 0, 0, 0, 0, 0, 0, 0, 0, 0, 0, 0, 0, 0, 0, 0, 0, 0, 0, 0, 0, 0, 0, 0, 0, 0, 0, 0, 0,
            0, 0, 0, 0, 0, 0, 0, 0, 0, 0, 0, 0, 0, 747, 748, 0, 0, 0, 0, 0, 0, 0, 0, 0, 0, 0, 0, 0, 0, 0, 0, 0, 0, 0, 0, 0, 0, 0, 0, 0, 0, 0, 0, 0, 0, 0, 0, 0, 0, 0,
            0, 0, 0, 0, 0, 0, 0, 0, 0, 0, 0, 0, 0, 760, 761, 0, 0, 0, 0, 0, 0, 0, 0, 0, 0, 0, 0, 0, 0, 0, 0, 0, 0, 0, 0, 0, 0, 0, 0, 0, 0, 0, 0, 0, 0, 0, 0, 0, 0, 0,
            300, 301, 303, 304, 0, 792, 799, 806, 0, 0, 0, 0, 0, 750, 751, 0, 0, 0, 299, 300, 300, 301, 0, 0, 0, 0, 0, 0, 0, 0, 0, 0, 0, 0, 0, 0, 0, 0, 0, 0, 0, 0, 0, 299, 300, 300, 300, 300, 300, 0,
            333, 334, 336, 337, 0, 792, 799, 806, 0, 0, 0, 0, 0, 763, 764, 0, 0, 0, 332, 333, 333, 334, 0, 0, 0, 0, 0, 0, 0, 0, 0, 0, 0, 0, 0, 0, 0, 0, 0, 0, 0, 0, 0, 332, 333, 333, 333, 333, 333, 0,
            366, 367, 0, 0, 0, 792, 799, 806, 0, 0, 0, 0, 0, 747, 748, 0, 0, 0, 365, 366, 366, 367, 0, 0, 0, 0, 0, 0, 0, 0, 0, 0, 0, 0, 0, 0, 0, 0, 0, 0, 0, 0, 0, 365, 366, 366, 366, 366, 366, 0,
            0, 0, 0, 0, 0, 792, 799, 806, 0, 0, 0, 0, 0, 760, 761, 0, 0, 0, 0, 0, 0, 0, 0, 0, 0, 0, 0, 0, 0, 0, 0, 0, 0, 0, 0, 0, 0, 0, 0, 0, 0, 0, 0, 0, 0, 0, 0, 0, 0, 0,
            0, 0, 0, 0, 0, 0, 0, 0, 0, 0, 0, 0, 0, 0, 0, 0, 0, 0, 0, 0, 0, 0, 0, 0, 0, 0, 0, 0, 0, 0, 0, 0, 300, 300, 300, 300, 300, 300, 300, 300, 300, 300, 300, 301, 0, 0, 0, 0, 0, 0,
            0, 0, 0, 0, 0, 0, 0, 0, 0, 0, 0, 0, 0, 0, 0, 0, 0, 0, 0, 0, 0, 0, 0, 0, 0, 0, 0, 0, 0, 0, 0, 0, 333, 333, 333, 0, 0, 333, 333, 333, 0, 0, 333, 334, 0, 0, 0, 0, 0, 0,
            0, 0, 0, 0, 0, 0, 0, 0, 0, 0, 0, 0, 0, 0, 0, 0, 0, 0, 0, 0, 0, 0, 0, 0, 0, 0, 0, 0, 0, 0, 0, 0, 366, 366, 366, 366, 366, 366, 366, 366, 366, 366, 366, 367, 0, 0, 0, 0, 0, 0,
            0, 0, 0, 0, 0, 0, 0, 0, 0, 0, 0, 0, 0, 0, 0, 0, 0, 0, 0, 0, 0, 0, 0, 0, 0, 0, 0, 0, 0, 0, 0, 0, 0, 0, 0, 0, 0, 0, 0, 0, 0, 0, 0, 0, 0, 0, 0, 0, 0, 0,
            0, 0, 0, 0, 0, 0, 0, 0, 0, 0, 0, 0, 0, 0, 0, 0, 0, 0, 0, 0, 0, 0, 0, 0, 0, 0, 0, 0, 0, 0, 0, 0, 0, 0, 0, 0, 0, 0, 0, 0, 0, 0, 0, 0, 0, 0, 0, 0, 0, 0,
            300, 300, 300, 300, 300, 300, 300, 300, 300, 300, 0, 0, 0, 0, 0, 0, 0, 0, 0, 0, 0, 0, 0, 0, 0, 0, 0, 0, 0, 0, 0, 0, 0, 0, 0, 0, 0, 0, 0, 0, 0, 0, 0, 0, 0, 0, 0, 0, 0, 0,
            333, 333, 333, 333, 333, 333, 333, 333, 333, 333, 334, 0, 0, 0, 0, 0, 0, 0, 0, 0, 0, 0, 0, 0, 0, 0, 0, 0, 0, 0, 0, 0, 303, 304, 0, 0, 0, 0, 0, 0, 0, 0, 0, 0, 0, 0, 0, 0, 0, 0,
            333, 333, 333, 333, 333, 333, 333, 333, 333, 333, 304, 0, 0, 0, 0, 0, 0, 0, 0, 0, 0, 0, 0, 0, 0, 0, 0, 0, 0, 0, 0, 0, 336, 337, 0, 0, 0, 0, 0, 0, 0, 0, 0, 0, 0, 0, 0, 303, 304, 0,
            333, 333, 333, 333, 333, 333, 333, 333, 333, 333, 333, 304, 0, 0, 0, 0, 0, 0, 0, 0, 0, 0, 0, 0, 0, 0, 0, 0, 0, 0, 0, 0, 0, 0, 0, 0, 0, 0, 0, 0, 0, 0, 0, 303, 304, 0, 0, 336, 337, 0,
            333, 333, 333, 333, 333, 333, 333, 333, 333, 333, 333, 333, 304, 0, 0, 0, 0, 0, 0, 0, 0, 0, 0, 0, 0, 0, 0, 0, 0, 0, 0, 0, 0, 0, 0, 0, 303, 304, 0, 0, 0, 0, 0, 336, 337, 0, 0, 0, 0, 0,
            0, 0, 0, 0, 0, 0, 0, 0, 0, 0, 0, 0, 0, 0, 0, 0, 0, 0, 0, 0, 0, 0, 0, 0, 0, 0, 0, 0, 0, 0, 0, 0, 0, 0, 0, 0, 336, 337, 0, 0, 0, 0, 0, 0, 0, 0, 0, 0, 0, 0,
            0, 0, 0, 0, 0, 0, 0, 0, 0, 0, 0, 0, 0, 0, 0, 0, 0, 0, 0, 0, 0, 0, 0, 0, 0, 0, 0, 0, 0, 0, 0, 0, 0, 0, 0, 0, 0, 0, 0, 0, 0, 0, 0, 0, 0, 0, 0, 0, 0, 0,
            0, 0, 0, 0, 0, 0, 0, 0, 0, 0, 0, 0, 0, 0, 0, 0, 0, 0, 0, 0, 0, 0, 0, 0, 0, 0, 0, 0, 0, 0, 0, 0, 300, 300, 300, 300, 300, 300, 300, 300, 300, 300, 300, 300, 300, 300, 300, 300, 300, 300,
            0, 0, 0, 0, 0, 0, 0, 0, 0, 0, 0, 0, 0, 0, 0, 0, 0, 0, 0, 0, 0, 0, 0, 0, 0, 0, 0, 0, 0, 0, 0, 0, 333, 333, 333, 333, 333, 333, 333, 333, 333, 333, 333, 333, 333, 333, 333, 333, 333, 333,
            0, 0, 0, 0, 0, 0, 0, 0, 0, 0, 0, 0, 0, 0, 0, 0, 0, 0, 0, 0, 0, 0, 0, 0, 0, 0, 0, 0, 0, 0, 0, 0, 333, 333, 333, 333, 333, 333, 333, 333, 333, 333, 333, 333, 333, 333, 333, 333, 333, 333,
            0, 0, 0, 0, 0, 0, 0, 0, 0, 0, 0, 0, 0, 0, 0, 0, 0, 0, 0, 0, 0, 0, 0, 0, 0, 0, 0, 0, 0, 0, 0, 0, 333, 333, 333, 333, 333, 333, 333, 333, 333, 333, 333, 333, 333, 333, 333, 333, 333, 333,
            0, 0, 0, 0, 0, 0, 0, 0, 0, 0, 0, 0, 0, 0, 0, 0, 300, 300, 300, 300, 300, 300, 0, 0, 0, 0, 0, 0, 0, 0, 0, 0, 333, 333, 333, 333, 333, 333, 333, 333, 333, 333, 333, 333, 333, 333, 333, 333, 333, 333,
            0, 0, 0, 0, 0, 0, 0, 0, 0, 0, 0, 0, 0, 0, 0, 0, 333, 333, 333, 333, 333, 300, 300, 300, 300, 0, 0, 0, 0, 0, 0, 0, 333, 333, 333, 333, 333, 333, 333, 333, 333, 333, 333, 333, 333, 333, 333, 333, 333, 333,
            0, 0, 0, 0, 0, 0, 0, 0, 0, 0, 0, 0, 0, 0, 0, 0, 333, 333, 333, 333, 333, 333, 333, 333, 333, 0, 0, 0, 0, 0, 0, 0, 333, 333, 333, 333, 333, 333, 333, 333, 333, 333, 333, 333, 333, 333, 333, 333, 333, 333,
            0, 0, 0, 0, 0, 0, 0, 0, 0, 0, 0, 0, 0, 0, 0, 0, 333, 333, 333, 333, 333, 333, 333, 333, 333, 0, 0, 0, 0, 0, 0, 0, 333, 333, 333, 333, 333, 333, 333, 333, 333, 333, 333, 333, 333, 333, 333, 333, 333, 333,
            0, 0, 0, 0, 0, 0, 0, 0, 0, 0, 0, 0, 0, 0, 0, 0, 333, 333, 333, 333, 333, 333, 333, 333, 333, 0, 0, 0, 0, 0, 0, 0, 333, 333, 333, 333, 333, 333, 333, 333, 333, 333, 333, 333, 333, 333, 333, 333, 333, 333,
            0, 0, 0, 0, 0, 0, 0, 0, 0, 0, 0, 0, 0, 0, 0, 0, 333, 333, 333, 333, 333, 333, 333, 333, 333, 0, 0, 0, 0, 0, 0, 0, 333, 333, 333, 333, 333, 333, 333, 333, 333, 333, 333, 333, 333, 333, 333, 333, 333, 333,
            0, 0, 0, 0, 0, 0, 0, 0, 0, 0, 0, 0, 0, 0, 0, 0, 333, 333, 333, 333, 333, 333, 333, 333, 333, 0, 0, 0, 0, 0, 0, 0, 333, 333, 333, 333, 333, 333, 333, 333, 333, 333, 333, 333, 333, 333, 333, 333, 333, 333,
            0, 0, 0, 0, 0, 0, 0, 0, 0, 0, 0, 0, 0, 0, 0, 0, 333, 333, 333, 333, 333, 333, 333, 333, 333, 0, 0, 0, 0, 0, 0, 0, 333, 333, 333, 333, 333, 333, 333, 333, 333, 333, 333, 333, 333, 333, 333, 333, 333, 333,
            0, 0, 0, 0, 0, 0, 0, 0, 0, 0, 0, 0, 0, 0, 0, 0, 333, 333, 333, 333, 333, 333, 333, 333, 333, 0, 0, 0, 0, 0, 0, 0, 333, 333, 333, 333, 333, 333, 333, 333, 333, 333, 333, 333, 333, 333, 333, 333, 333, 333,
            0, 0, 0, 0, 0, 0, 0, 0, 0, 0, 0, 0, 0, 0, 0, 0, 333, 333, 333, 333, 333, 333, 333, 333, 333, 0, 0, 0, 0, 0, 0, 0, 333, 333, 333, 333, 333, 333, 333, 333, 333, 333, 333, 333, 333, 333, 333, 333, 333, 333],
         "height":50,
         "id":2,
         "name":"background",
         "opacity":1,
         "type":"tilelayer",
         "visible":true,
         "width":50,
         "x":0,
         "y":0
        }, 
        {
         "data":[0, 0, 0, 0, 0, 0, 0, 0, 0, 0, 0, 0, 0, 0, 0, 0, 0, 0, 0, 0, 0, 0, 0, 0, 0, 0, 0, 0, 0, 0, 0, 0, 0, 0, 0, 0, 0, 0, 0, 0, 0, 0, 0, 0, 0, 0, 0, 0, 0, 0,
            0, 0, 0, 0, 0, 0, 0, 0, 0, 0, 0, 0, 0, 0, 0, 0, 0, 0, 0, 0, 0, 0, 0, 0, 0, 0, 0, 0, 0, 0, 0, 0, 0, 0, 0, 0, 0, 0, 0, 0, 0, 0, 0, 0, 0, 0, 0, 0, 0, 0,
            0, 0, 0, 0, 0, 0, 0, 0, 0, 0, 0, 0, 0, 0, 0, 0, 0, 0, 0, 0, 0, 0, 0, 0, 0, 0, 0, 0, 0, 0, 0, 0, 0, 0, 0, 0, 0, 0, 0, 0, 0, 0, 0, 0, 0, 0, 0, 0, 0, 0,
            0, 0, 0, 0, 0, 0, 0, 0, 0, 0, 0, 0, 0, 0, 0, 0, 0, 0, 0, 0, 0, 0, 0, 0, 0, 0, 0, 0, 0, 0, 0, 0, 0, 0, 0, 0, 0, 0, 0, 0, 0, 0, 0, 0, 0, 0, 0, 0, 0, 0,
            0, 0, 0, 0, 0, 0, 0, 0, 0, 341, 342, 0, 0, 0, 0, 0, 0, 0, 0, 0, 0, 0, 0, 0, 0, 0, 0, 0, 0, 0, 0, 0, 0, 0, 0, 0, 0, 0, 0, 0, 0, 0, 0, 0, 0, 0, 0, 0, 0, 0,
            0, 352, 353, 354, 0, 0, 0, 0, 373, 374, 375, 0, 0, 0, 0, 0, 0, 0, 0, 0, 0, 0, 0, 0, 349, 350, 84, 0, 0, 0, 0, 0, 0, 0, 0, 0, 0, 0, 0, 0, 0, 0, 0, 0, 0, 0, 0, 0, 0, 0,
            0, 385, 386, 387, 0, 0, 0, 0, 0, 0, 0, 0, 0, 0, 0, 0, 0, 0, 51, 51, 0, 307, 308, 309, 382, 383, 117, 0, 0, 0, 0, 0, 92, 93, 92, 93, 92, 92, 93, 92, 93, 92, 93, 92, 93, 92, 93, 92, 0, 0,
            0, 0, 0, 0, 0, 0, 0, 0, 0, 0, 0, 0, 0, 0, 191, 0, 0, 0, 0, 0, 0, 0, 0, 0, 0, 0, 0, 0, 125, 126, 127, 0, 191, 0, 0, 0, 0, 0, 0, 0, 0, 0, 0, 0, 0, 0, 0, 0, 0, 0,
            0, 0, 0, 0, 0, 0, 0, 0, 0, 0, 0, 0, 0, 0, 0, 0, 0, 0, 0, 0, 0, 0, 0, 0, 0, 0, 0, 0, 0, 0, 0, 55, 0, 0, 0, 0, 0, 0, 0, 0, 0, 0, 0, 0, 0, 0, 0, 0, 0, 0,
            0, 0, 0, 0, 0, 0, 0, 0, 0, 0, 0, 0, 0, 0, 0, 0, 0, 0, 0, 0, 0, 0, 0, 0, 0, 0, 0, 333, 333, 0, 0, 0, 0, 0, 0, 0, 0, 0, 0, 0, 0, 0, 0, 0, 0, 0, 0, 0, 0, 0,
            0, 0, 0, 0, 0, 0, 0, 315, 0, 0, 0, 0, 0, 0, 0, 0, 0, 0, 0, 0, 0, 0, 0, 0, 0, 0, 0, 333, 333, 0, 86, 0, 0, 0, 0, 0, 0, 0, 0, 0, 0, 0, 0, 0, 0, 0, 0, 0, 0, 0,
            0, 0, 0, 0, 0, 0, 0, 348, 0, 0, 0, 0, 0, 0, 0, 0, 0, 0, 0, 0, 0, 0, 0, 0, 0, 0, 0, 0, 0, 0, 119, 0, 63, 64, 65, 0, 0, 51, 51, 0, 0, 0, 0, 373, 307, 308, 309, 0, 0, 0,
            0, 0, 0, 0, 0, 0, 0, 381, 0, 0, 0, 0, 184, 0, 0, 0, 0, 0, 0, 0, 0, 0, 0, 0, 0, 0, 0, 0, 0, 0, 0, 0, 0, 0, 0, 0, 0, 0, 0, 0, 0, 0, 0, 0, 0, 0, 0, 0, 0, 0,
            0, 0, 0, 0, 0, 0, 0, 0, 0, 0, 0, 0, 0, 0, 0, 0, 0, 0, 0, 0, 0, 0, 0, 0, 0, 0, 0, 0, 0, 0, 0, 0, 0, 0, 0, 0, 0, 0, 0, 0, 0, 0, 0, 0, 0, 0, 0, 0, 0, 0,
            0, 0, 0, 0, 0, 0, 0, 0, 0, 0, 0, 0, 0, 0, 0, 0, 0, 0, 0, 0, 0, 0, 0, 0, 0, 0, 0, 0, 0, 0, 0, 0, 0, 0, 0, 0, 0, 0, 0, 0, 0, 0, 0, 0, 0, 0, 0, 0, 0, 0,
            0, 0, 0, 0, 0, 0, 0, 0, 0, 0, 0, 0, 0, 0, 0, 0, 0, 0, 0, 0, 0, 0, 0, 0, 0, 0, 0, 0, 0, 0, 0, 0, 0, 0, 0, 0, 0, 0, 0, 0, 0, 0, 0, 0, 0, 0, 0, 0, 0, 0,
            0, 0, 0, 0, 0, 0, 0, 0, 0, 0, 0, 0, 0, 0, 0, 94, 0, 0, 0, 0, 0, 0, 0, 0, 0, 0, 0, 0, 0, 0, 0, 0, 0, 0, 0, 0, 0, 0, 0, 0, 0, 0, 0, 0, 0, 0, 0, 0, 0, 0,
            0, 0, 0, 0, 0, 0, 0, 0, 0, 0, 0, 0, 0, 0, 0, 0, 0, 0, 0, 0, 0, 0, 0, 0, 0, 0, 0, 0, 0, 0, 0, 0, 0, 0, 0, 0, 0, 0, 0, 0, 0, 0, 0, 0, 0, 0, 0, 0, 0, 0,
            0, 0, 0, 0, 0, 0, 0, 0, 0, 0, 0, 0, 0, 0, 0, 0, 0, 0, 0, 0, 0, 0, 0, 0, 0, 0, 0, 0, 0, 0, 0, 0, 0, 0, 0, 0, 0, 0, 0, 0, 0, 0, 0, 0, 0, 0, 0, 0, 0, 0,
            0, 0, 0, 0, 0, 0, 0, 0, 0, 0, 0, 0, 0, 0, 0, 0, 0, 0, 0, 0, 0, 0, 0, 0, 0, 0, 0, 0, 0, 0, 0, 0, 0, 0, 0, 0, 0, 0, 0, 0, 0, 0, 0, 0, 0, 0, 0, 0, 0, 0,
            0, 0, 0, 0, 0, 0, 0, 0, 0, 0, 0, 0, 0, 0, 0, 55, 0, 0, 0, 0, 0, 0, 0, 55, 0, 0, 0, 0, 0, 0, 0, 0, 0, 0, 0, 55, 0, 0, 0, 0, 55, 0, 0, 0, 0, 55, 0, 0, 0, 0,
            0, 0, 0, 0, 0, 0, 0, 56, 0, 0, 0, 0, 0, 0, 0, 0, 0, 0, 0, 0, 0, 0, 0, 0, 188, 189, 0, 0, 0, 0, 0, 0, 0, 0, 0, 0, 0, 0, 0, 0, 0, 0, 0, 0, 0, 0, 0, 0, 0, 0,
            0, 0, 0, 0, 0, 220, 221, 89, 291, 292, 0, 0, 0, 0, 0, 0, 0, 0, 0, 224, 225, 0, 0, 0, 0, 222, 0, 85, 0, 0, 0, 0, 0, 0, 0, 0, 0, 0, 0, 0, 0, 0, 0, 0, 0, 0, 0, 0, 0, 0,
            0, 319, 320, 321, 322, 253, 254, 122, 324, 325, 0, 0, 0, 0, 0, 0, 129, 130, 131, 257, 258, 0, 0, 0, 183, 255, 0, 118, 0, 0, 0, 0, 0, 0, 0, 0, 0, 0, 0, 0, 0, 0, 0, 0, 0, 0, 0, 0, 0, 0,
            0, 0, 0, 0, 0, 0, 0, 0, 0, 0, 0, 0, 0, 0, 0, 0, 0, 0, 0, 0, 0, 0, 0, 0, 0, 0, 0, 0, 0, 0, 0, 0, 0, 0, 0, 0, 0, 0, 0, 0, 0, 0, 0, 0, 0, 0, 0, 0, 0, 0,
            0, 0, 0, 0, 0, 0, 0, 0, 0, 0, 0, 0, 0, 0, 0, 0, 0, 0, 0, 0, 0, 0, 0, 0, 0, 0, 0, 0, 0, 0, 0, 0, 0, 0, 0, 0, 0, 0, 0, 0, 0, 0, 0, 0, 0, 0, 0, 0, 0, 0,
            0, 0, 0, 0, 0, 0, 0, 0, 0, 0, 0, 0, 0, 0, 0, 0, 0, 0, 0, 0, 0, 0, 0, 0, 0, 0, 0, 0, 0, 0, 0, 0, 0, 0, 0, 0, 0, 0, 0, 0, 0, 0, 0, 0, 0, 0, 0, 0, 0, 0,
            0, 0, 0, 0, 0, 0, 0, 0, 0, 0, 0, 0, 0, 0, 0, 0, 0, 0, 0, 0, 0, 0, 0, 0, 0, 0, 0, 0, 0, 0, 0, 0, 0, 0, 0, 0, 0, 0, 0, 0, 0, 0, 0, 0, 0, 0, 0, 0, 0, 0,
            0, 0, 0, 0, 0, 0, 0, 0, 0, 0, 0, 0, 0, 0, 0, 0, 0, 0, 0, 0, 0, 0, 0, 0, 0, 0, 0, 0, 0, 0, 0, 0, 0, 0, 0, 0, 0, 0, 0, 0, 0, 0, 0, 0, 0, 0, 0, 0, 0, 0,
            0, 0, 0, 0, 0, 0, 0, 0, 0, 0, 0, 0, 0, 0, 0, 0, 0, 0, 0, 0, 0, 0, 0, 0, 0, 0, 0, 0, 0, 0, 0, 0, 0, 0, 0, 0, 0, 0, 0, 0, 0, 0, 0, 0, 0, 0, 0, 0, 0, 0,
            0, 0, 0, 0, 0, 0, 0, 0, 0, 0, 0, 0, 0, 0, 0, 0, 0, 0, 0, 0, 0, 0, 0, 0, 0, 0, 0, 0, 0, 0, 0, 0, 0, 0, 0, 0, 0, 0, 0, 0, 0, 0, 0, 0, 0, 0, 0, 0, 0, 0,
            0, 0, 0, 0, 0, 0, 0, 0, 0, 0, 0, 0, 0, 0, 0, 47, 0, 0, 0, 0, 0, 0, 0, 0, 0, 0, 0, 0, 0, 0, 0, 0, 0, 0, 0, 0, 0, 0, 0, 0, 0, 0, 0, 0, 0, 0, 0, 0, 0, 0,
            0, 0, 0, 0, 0, 0, 0, 0, 0, 0, 0, 0, 0, 0, 0, 80, 0, 0, 0, 0, 0, 0, 0, 0, 0, 0, 0, 0, 0, 446, 0, 0, 0, 0, 0, 0, 0, 0, 0, 0, 0, 0, 0, 0, 0, 0, 0, 0, 0, 0,
            0, 0, 0, 0, 0, 0, 0, 0, 0, 0, 0, 0, 0, 0, 0, 113, 0, 0, 0, 0, 0, 0, 0, 0, 0, 0, 0, 0, 0, 479, 218, 0, 0, 0, 0, 0, 0, 0, 0, 0, 0, 0, 0, 0, 0, 0, 0, 0, 0, 0,
            0, 0, 0, 0, 0, 0, 0, 0, 0, 0, 0, 0, 0, 0, 0, 0, 0, 0, 0, 0, 0, 0, 0, 0, 0, 0, 0, 0, 0, 512, 251, 0, 0, 0, 0, 0, 0, 0, 0, 0, 0, 0, 0, 0, 0, 0, 0, 0, 0, 0,
            0, 0, 0, 0, 0, 0, 0, 0, 0, 0, 0, 0, 0, 0, 0, 0, 0, 0, 0, 0, 0, 0, 0, 0, 0, 0, 0, 0, 0, 0, 0, 0, 0, 0, 0, 0, 0, 0, 0, 0, 0, 0, 0, 0, 0, 0, 0, 0, 0, 0,
            0, 0, 0, 0, 0, 0, 0, 0, 0, 0, 0, 0, 0, 0, 0, 0, 0, 0, 0, 0, 0, 0, 0, 0, 0, 0, 0, 0, 0, 0, 0, 0, 0, 0, 0, 0, 0, 0, 0, 0, 0, 0, 0, 0, 0, 0, 0, 0, 0, 0,
            0, 0, 0, 0, 0, 0, 0, 0, 0, 0, 0, 0, 0, 0, 0, 0, 0, 0, 0, 90, 0, 0, 0, 0, 0, 0, 0, 0, 0, 0, 0, 0, 0, 0, 0, 0, 0, 0, 0, 0, 0, 0, 0, 0, 0, 0, 0, 0, 0, 0,
            0, 0, 0, 0, 0, 0, 0, 0, 0, 0, 0, 0, 0, 0, 0, 0, 0, 0, 0, 123, 0, 0, 0, 0, 0, 0, 0, 0, 0, 0, 0, 0, 0, 0, 0, 0, 0, 0, 0, 0, 0, 0, 0, 0, 0, 0, 0, 0, 0, 0,
            0, 0, 0, 0, 0, 0, 0, 0, 0, 0, 0, 0, 0, 0, 0, 0, 0, 0, 0, 0, 0, 0, 0, 0, 0, 0, 0, 0, 0, 0, 0, 0, 0, 0, 0, 0, 0, 0, 0, 0, 0, 0, 0, 0, 0, 0, 0, 0, 0, 0,
            0, 0, 0, 0, 0, 0, 0, 0, 0, 0, 0, 0, 0, 0, 0, 0, 0, 0, 0, 0, 0, 0, 125, 126, 127, 0, 0, 0, 0, 0, 0, 0, 0, 0, 0, 0, 0, 0, 0, 0, 0, 0, 0, 0, 0, 0, 0, 0, 0, 0,
            0, 0, 0, 0, 0, 0, 0, 0, 0, 0, 0, 0, 0, 0, 0, 0, 0, 0, 0, 0, 0, 0, 0, 0, 0, 0, 0, 0, 0, 0, 0, 0, 0, 0, 0, 0, 0, 0, 0, 0, 0, 0, 0, 0, 0, 0, 0, 0, 0, 0,
            0, 0, 0, 0, 0, 0, 0, 0, 0, 0, 0, 0, 0, 0, 0, 0, 0, 0, 0, 0, 0, 0, 0, 0, 0, 0, 0, 0, 0, 0, 0, 0, 0, 0, 0, 0, 0, 0, 0, 0, 0, 0, 0, 0, 0, 0, 0, 0, 0, 0,
            0, 0, 0, 0, 0, 0, 0, 0, 0, 0, 0, 0, 0, 0, 0, 0, 0, 0, 0, 0, 0, 0, 0, 0, 0, 0, 0, 0, 0, 0, 0, 0, 0, 0, 0, 0, 0, 0, 0, 0, 0, 0, 0, 0, 0, 0, 0, 0, 0, 0,
            0, 0, 0, 0, 0, 0, 0, 0, 0, 0, 0, 0, 0, 0, 0, 0, 0, 0, 0, 0, 0, 0, 0, 0, 0, 0, 0, 0, 0, 0, 0, 0, 0, 0, 0, 0, 0, 0, 0, 0, 0, 0, 0, 0, 0, 0, 0, 0, 0, 0,
            0, 0, 0, 0, 0, 0, 0, 0, 0, 0, 0, 0, 0, 0, 0, 0, 0, 0, 0, 0, 0, 0, 0, 0, 0, 0, 0, 0, 0, 0, 0, 0, 0, 0, 0, 0, 0, 0, 0, 0, 0, 0, 0, 0, 0, 0, 0, 0, 0, 0,
            0, 0, 0, 0, 0, 0, 0, 0, 0, 0, 0, 0, 0, 0, 0, 0, 0, 0, 0, 0, 0, 0, 0, 0, 0, 0, 0, 0, 0, 0, 0, 0, 0, 0, 0, 0, 0, 0, 0, 0, 0, 0, 0, 0, 0, 0, 0, 0, 0, 0,
            0, 0, 0, 0, 0, 0, 0, 0, 0, 0, 0, 0, 0, 0, 0, 0, 0, 0, 0, 0, 0, 0, 0, 0, 0, 0, 0, 0, 0, 0, 0, 0, 0, 0, 0, 0, 0, 0, 0, 0, 0, 0, 0, 0, 0, 0, 0, 0, 0, 0,
            0, 0, 0, 0, 0, 0, 0, 0, 0, 0, 0, 0, 0, 0, 0, 0, 0, 0, 0, 0, 0, 0, 0, 0, 0, 0, 0, 0, 0, 0, 0, 0, 0, 0, 0, 0, 0, 0, 0, 0, 0, 0, 0, 0, 0, 0, 0, 0, 0, 0,
            0, 0, 0, 0, 0, 0, 0, 0, 0, 0, 0, 0, 0, 0, 0, 0, 0, 0, 0, 0, 0, 0, 0, 0, 0, 0, 0, 0, 0, 0, 0, 0, 0, 0, 0, 0, 0, 0, 0, 0, 0, 0, 0, 0, 0, 0, 0, 0, 0, 0],
         "height":50,
         "id":5,
         "name":"props",
         "opacity":1,
         "type":"tilelayer",
         "visible":true,
         "width":50,
         "x":0,
         "y":0
        }, 
        {
         "data":[43, 43, 43, 43, 43, 43, 43, 43, 45, 69, 70, 0, 0, 0, 0, 0, 0, 0, 0, 0, 0, 0, 0, 0, 0, 0, 0, 0, 0, 0, 0, 74, 0, 0, 0, 0, 0, 0, 0, 0, 0, 0, 0, 0, 0, 0, 0, 0, 68, 69,
            43, 44, 44, 44, 44, 44, 44, 44, 45, 69, 70, 0, 0, 0, 0, 0, 0, 0, 0, 0, 0, 0, 0, 0, 0, 0, 0, 0, 0, 0, 0, 74, 0, 0, 0, 0, 0, 0, 0, 0, 0, 0, 0, 0, 0, 0, 0, 0, 68, 69,
            76, 0, 0, 0, 0, 0, 0, 0, 78, 69, 70, 0, 34, 39, 38, 0, 0, 0, 0, 0, 0, 0, 0, 0, 0, 0, 0, 0, 0, 0, 0, 74, 0, 0, 0, 0, 0, 0, 0, 0, 0, 0, 0, 0, 0, 0, 0, 0, 68, 69,
            76, 0, 0, 0, 0, 0, 0, 0, 101, 44, 103, 0, 0, 74, 0, 0, 0, 0, 0, 0, 0, 0, 0, 0, 0, 0, 0, 0, 0, 0, 0, 74, 0, 0, 0, 0, 0, 0, 0, 0, 0, 0, 0, 0, 0, 0, 0, 0, 68, 69,
            76, 0, 48, 0, 0, 0, 0, 0, 0, 0, 0, 0, 0, 74, 0, 0, 0, 0, 0, 0, 0, 0, 0, 0, 0, 0, 0, 0, 0, 0, 0, 74, 0, 0, 0, 0, 0, 0, 0, 0, 0, 0, 0, 0, 0, 0, 0, 0, 68, 69,
            76, 0, 81, 0, 0, 0, 0, 0, 0, 0, 0, 0, 0, 74, 0, 0, 0, 0, 0, 0, 0, 0, 0, 0, 0, 0, 0, 0, 0, 0, 0, 74, 0, 0, 0, 0, 0, 0, 0, 0, 0, 0, 0, 0, 0, 0, 0, 0, 68, 69,
            76, 0, 114, 0, 0, 0, 171, 172, 234, 36, 36, 36, 36, 76, 0, 0, 0, 0, 0, 0, 0, 0, 0, 0, 0, 0, 0, 0, 0, 0, 0, 74, 0, 0, 0, 0, 0, 0, 0, 0, 0, 0, 0, 0, 0, 0, 0, 0, 68, 69,
            109, 110, 36, 37, 38, 0, 0, 101, 102, 102, 102, 102, 102, 103, 0, 0, 34, 35, 36, 36, 36, 36, 36, 36, 36, 36, 110, 37, 38, 0, 0, 72, 0, 0, 0, 0, 0, 0, 0, 0, 0, 0, 0, 0, 0, 0, 0, 0, 68, 69,
            43, 43, 43, 76, 0, 0, 0, 0, 0, 0, 0, 0, 0, 0, 0, 0, 0, 68, 43, 43, 43, 43, 43, 43, 43, 43, 43, 69, 37, 38, 0, 0, 0, 0, 0, 0, 0, 0, 0, 0, 0, 0, 0, 0, 0, 0, 0, 0, 68, 69,
            43, 43, 43, 76, 0, 0, 0, 0, 0, 0, 0, 0, 0, 0, 0, 0, 0, 68, 43, 43, 43, 43, 43, 43, 43, 43, 43, 102, 103, 511, 0, 0, 0, 0, 0, 0, 48, 0, 0, 0, 0, 0, 0, 0, 0, 0, 0, 0, 68, 69,
            43, 43, 43, 76, 173, 0, 0, 0, 0, 0, 0, 0, 0, 0, 0, 0, 0, 68, 43, 43, 43, 43, 43, 43, 43, 43, 70, 0, 0, 0, 0, 0, 0, 0, 0, 0, 81, 0, 0, 0, 0, 0, 0, 0, 0, 0, 34, 35, 69, 69,
            43, 43, 43, 76, 0, 0, 0, 0, 0, 0, 0, 0, 0, 34, 35, 36, 36, 43, 43, 43, 43, 43, 43, 43, 43, 43, 70, 0, 0, 0, 0, 0, 0, 0, 0, 0, 114, 0, 0, 0, 0, 0, 0, 0, 0, 0, 0, 68, 69, 69,
            43, 43, 43, 76, 0, 0, 0, 0, 0, 0, 0, 0, 0, 0, 78, 69, 69, 43, 43, 43, 43, 43, 43, 43, 43, 43, 70, 0, 0, 34, 35, 110, 36, 36, 36, 36, 36, 36, 36, 36, 36, 36, 36, 36, 36, 36, 36, 69, 69, 69,
            43, 43, 43, 109, 110, 110, 110, 37, 0, 0, 0, 35, 110, 110, 69, 69, 69, 43, 43, 69, 43, 43, 69, 43, 43, 43, 70, 0, 0, 0, 68, 69, 69, 69, 69, 69, 69, 69, 69, 69, 69, 69, 69, 69, 69, 69, 69, 69, 69, 69,
            43, 43, 43, 43, 43, 43, 43, 70, 0, 0, 0, 68, 43, 43, 43, 43, 69, 69, 69, 69, 69, 69, 69, 69, 69, 69, 70, 173, 0, 0, 68, 69, 69, 69, 69, 69, 69, 69, 69, 69, 69, 69, 69, 69, 69, 69, 69, 69, 69, 69,
            43, 43, 43, 43, 43, 43, 43, 70, 0, 0, 0, 101, 44, 44, 44, 44, 69, 69, 69, 69, 69, 69, 69, 69, 69, 69, 70, 0, 0, 0, 68, 69, 69, 69, 69, 69, 69, 69, 69, 69, 69, 69, 69, 69, 69, 69, 69, 69, 69, 69,
            43, 43, 43, 43, 43, 43, 43, 70, 0, 0, 0, 0, 0, 0, 0, 0, 78, 69, 69, 69, 69, 69, 69, 69, 69, 69, 70, 0, 0, 171, 68, 69, 69, 69, 69, 69, 69, 69, 69, 69, 69, 69, 69, 69, 69, 69, 69, 69, 69, 69,
            43, 43, 43, 43, 43, 43, 43, 70, 0, 0, 0, 0, 0, 0, 0, 0, 78, 69, 69, 69, 69, 69, 69, 69, 69, 69, 70, 0, 0, 0, 68, 69, 69, 69, 69, 69, 69, 69, 69, 69, 69, 69, 69, 69, 69, 69, 69, 69, 69, 69,
            43, 43, 43, 43, 43, 43, 43, 70, 0, 0, 0, 35, 110, 110, 110, 110, 43, 43, 43, 43, 43, 43, 43, 43, 43, 43, 70, 173, 0, 0, 68, 69, 69, 69, 69, 69, 69, 69, 69, 69, 69, 69, 69, 69, 69, 69, 69, 69, 69, 69,
            102, 102, 102, 102, 102, 102, 102, 103, 0, 0, 0, 101, 102, 102, 102, 102, 102, 102, 102, 102, 102, 102, 102, 102, 102, 102, 103, 0, 0, 0, 101, 102, 102, 102, 102, 102, 102, 102, 102, 102, 102, 102, 102, 102, 102, 102, 102, 102, 102, 69,
            0, 0, 0, 0, 0, 0, 0, 0, 0, 0, 0, 0, 0, 0, 0, 0, 0, 0, 0, 0, 0, 0, 0, 0, 0, 0, 0, 0, 0, 0, 0, 0, 0, 0, 0, 0, 0, 0, 0, 0, 0, 0, 0, 0, 0, 0, 0, 0, 0, 68,
            0, 0, 0, 0, 0, 0, 0, 0, 0, 0, 0, 0, 0, 0, 0, 0, 0, 0, 0, 0, 0, 0, 0, 0, 0, 0, 0, 34, 39, 38, 0, 0, 0, 0, 0, 0, 0, 0, 0, 0, 0, 0, 0, 0, 0, 0, 0, 0, 0, 68,
            0, 0, 0, 0, 0, 0, 0, 0, 0, 0, 0, 0, 0, 0, 0, 0, 0, 0, 0, 0, 0, 0, 0, 0, 0, 0, 0, 0, 74, 0, 0, 0, 0, 0, 0, 0, 0, 0, 0, 0, 0, 0, 0, 0, 0, 0, 0, 0, 0, 68,
            0, 0, 0, 0, 0, 0, 0, 0, 0, 0, 0, 0, 0, 0, 0, 0, 0, 0, 0, 0, 0, 0, 0, 0, 0, 0, 0, 0, 74, 0, 0, 0, 0, 0, 0, 0, 0, 0, 0, 0, 0, 0, 0, 0, 0, 0, 0, 0, 0, 68,
            36, 36, 36, 36, 36, 36, 36, 36, 36, 36, 36, 36, 36, 36, 36, 36, 36, 36, 36, 36, 36, 36, 36, 36, 36, 36, 36, 36, 69, 36, 36, 37, 38, 0, 34, 35, 37, 38, 0, 34, 35, 37, 38, 34, 35, 37, 38, 34, 35, 69,
            69, 69, 69, 69, 69, 69, 69, 69, 69, 69, 69, 69, 69, 69, 69, 69, 69, 69, 69, 69, 69, 69, 69, 69, 69, 69, 69, 69, 69, 69, 69, 70, 0, 0, 0, 68, 70, 0, 0, 0, 68, 70, 0, 0, 68, 70, 0, 0, 68, 69,
            69, 69, 69, 69, 69, 69, 69, 69, 69, 69, 69, 69, 69, 69, 69, 69, 69, 69, 69, 69, 69, 69, 69, 69, 69, 69, 69, 69, 69, 69, 69, 70, 0, 0, 0, 68, 70, 0, 0, 0, 68, 70, 0, 0, 68, 70, 173, 0, 68, 69,
            69, 69, 69, 69, 69, 69, 69, 69, 69, 69, 69, 69, 69, 69, 69, 69, 69, 69, 69, 69, 69, 69, 69, 69, 69, 69, 69, 69, 69, 69, 69, 70, 0, 0, 0, 68, 70, 0, 0, 0, 68, 70, 0, 0, 68, 70, 0, 0, 68, 69,
            69, 69, 69, 69, 69, 69, 69, 69, 69, 69, 69, 69, 69, 69, 69, 69, 69, 69, 69, 69, 69, 69, 69, 69, 69, 69, 69, 69, 69, 69, 69, 103, 0, 0, 0, 101, 103, 0, 0, 0, 101, 103, 0, 0, 101, 103, 0, 171, 101, 69,
            0, 0, 0, 0, 0, 0, 0, 0, 0, 0, 0, 0, 0, 0, 0, 0, 0, 0, 0, 0, 0, 0, 0, 0, 0, 0, 0, 0, 0, 0, 0, 0, 0, 0, 0, 0, 0, 0, 0, 0, 0, 0, 0, 0, 0, 0, 0, 0, 0, 68,
            0, 0, 0, 0, 0, 0, 0, 0, 0, 0, 0, 0, 0, 0, 0, 0, 0, 0, 0, 0, 0, 0, 0, 0, 0, 0, 0, 0, 0, 0, 0, 0, 0, 0, 0, 0, 0, 0, 0, 0, 0, 0, 0, 0, 0, 0, 0, 0, 0, 68,
            0, 0, 0, 0, 0, 0, 0, 0, 0, 0, 0, 0, 0, 0, 0, 0, 0, 0, 0, 0, 0, 0, 0, 0, 0, 0, 0, 0, 0, 0, 0, 0, 171, 172, 173, 0, 0, 0, 0, 0, 0, 0, 0, 0, 0, 0, 171, 173, 0, 68,
            0, 0, 0, 0, 0, 0, 0, 0, 0, 0, 0, 0, 0, 0, 0, 0, 0, 0, 0, 0, 0, 0, 0, 0, 0, 0, 0, 0, 0, 0, 0, 0, 0, 0, 0, 0, 0, 0, 0, 0, 0, 0, 171, 173, 0, 0, 0, 0, 0, 68,
            0, 0, 0, 0, 0, 0, 0, 0, 0, 0, 0, 0, 0, 0, 0, 0, 0, 0, 0, 0, 0, 0, 0, 0, 0, 0, 0, 0, 0, 0, 0, 0, 0, 0, 0, 0, 171, 172, 172, 172, 173, 0, 0, 0, 0, 0, 0, 0, 0, 68,
            36, 36, 36, 36, 36, 36, 36, 36, 36, 36, 36, 36, 36, 36, 36, 37, 38, 0, 0, 0, 0, 0, 0, 0, 0, 0, 0, 0, 639, 0, 0, 0, 0, 0, 0, 0, 0, 0, 0, 0, 0, 0, 0, 0, 0, 0, 0, 0, 0, 68,
            69, 69, 43, 43, 43, 43, 43, 43, 43, 43, 43, 43, 43, 43, 43, 70, 0, 0, 0, 0, 0, 0, 0, 0, 0, 0, 0, 607, 640, 36, 36, 37, 0, 0, 0, 0, 0, 0, 0, 0, 0, 0, 0, 0, 0, 0, 0, 0, 0, 68,
            43, 43, 43, 43, 43, 43, 43, 43, 43, 43, 43, 43, 43, 43, 43, 70, 0, 0, 0, 0, 0, 0, 0, 0, 0, 0, 607, 640, 603, 69, 69, 70, 0, 0, 0, 0, 0, 0, 0, 0, 0, 0, 0, 0, 0, 0, 0, 0, 0, 68,
            43, 43, 43, 43, 43, 43, 43, 43, 43, 43, 43, 43, 43, 43, 43, 70, 0, 0, 0, 0, 0, 0, 0, 0, 0, 639, 640, 603, 69, 69, 69, 70, 0, 0, 0, 0, 0, 0, 0, 0, 0, 0, 0, 0, 0, 0, 0, 0, 0, 68,
            43, 43, 43, 43, 43, 43, 43, 43, 43, 43, 43, 43, 43, 43, 43, 70, 0, 0, 0, 0, 0, 0, 0, 0, 0, 640, 603, 69, 69, 69, 69, 70, 0, 0, 0, 0, 0, 0, 0, 0, 0, 0, 0, 0, 0, 0, 0, 0, 0, 68,
            43, 43, 43, 43, 43, 43, 43, 43, 43, 43, 43, 43, 43, 43, 43, 70, 0, 0, 34, 35, 36, 37, 38, 0, 0, 68, 69, 69, 43, 43, 43, 70, 0, 0, 0, 0, 0, 0, 0, 0, 0, 0, 0, 0, 0, 0, 0, 0, 0, 68,
            43, 43, 43, 43, 43, 43, 43, 43, 43, 43, 43, 43, 43, 43, 43, 70, 0, 0, 67, 68, 69, 70, 71, 0, 0, 68, 69, 69, 43, 43, 43, 70, 0, 0, 0, 0, 0, 0, 0, 0, 0, 0, 0, 0, 0, 0, 0, 0, 0, 68,
            43, 43, 43, 43, 43, 43, 43, 43, 43, 43, 43, 43, 43, 43, 43, 70, 0, 0, 100, 101, 102, 103, 104, 0, 0, 68, 69, 43, 43, 43, 43, 70, 0, 0, 0, 0, 0, 0, 0, 0, 0, 0, 0, 0, 0, 0, 0, 0, 0, 68,
            43, 43, 43, 43, 43, 43, 43, 43, 43, 43, 43, 43, 43, 43, 43, 70, 0, 0, 0, 0, 0, 0, 0, 0, 0, 68, 43, 43, 43, 43, 43, 70, 0, 0, 0, 0, 0, 0, 0, 0, 0, 0, 0, 0, 0, 0, 0, 0, 0, 68,
            43, 43, 43, 43, 43, 43, 43, 43, 43, 43, 43, 43, 43, 43, 43, 70, 0, 0, 0, 0, 0, 0, 0, 0, 0, 68, 43, 43, 43, 43, 43, 70, 0, 0, 0, 0, 0, 0, 0, 0, 0, 0, 0, 0, 0, 0, 0, 0, 0, 68,
            43, 43, 43, 43, 43, 43, 43, 43, 43, 43, 43, 43, 43, 43, 43, 70, 0, 0, 0, 0, 0, 0, 0, 0, 0, 68, 43, 43, 43, 43, 43, 70, 0, 0, 0, 0, 0, 0, 0, 0, 0, 0, 0, 0, 0, 0, 0, 0, 0, 68,
            43, 43, 43, 43, 43, 43, 43, 43, 43, 43, 43, 43, 43, 43, 43, 70, 0, 0, 0, 0, 0, 0, 0, 0, 0, 68, 43, 43, 43, 43, 43, 70, 0, 0, 0, 0, 0, 0, 0, 0, 0, 0, 0, 0, 0, 0, 0, 0, 0, 68,
            43, 43, 43, 43, 43, 43, 43, 43, 43, 43, 43, 43, 43, 43, 43, 70, 0, 0, 0, 0, 0, 0, 0, 0, 0, 68, 43, 43, 43, 43, 43, 70, 0, 0, 0, 0, 0, 0, 0, 0, 0, 0, 0, 0, 0, 0, 0, 0, 0, 68,
            43, 43, 43, 43, 43, 43, 43, 43, 43, 43, 43, 43, 43, 43, 43, 70, 0, 0, 0, 0, 0, 0, 0, 0, 0, 68, 43, 43, 43, 43, 43, 70, 0, 0, 0, 0, 0, 0, 0, 0, 0, 0, 0, 0, 0, 0, 0, 0, 0, 68,
            43, 43, 43, 43, 43, 43, 43, 43, 43, 43, 43, 43, 43, 43, 43, 70, 0, 0, 0, 0, 0, 0, 0, 0, 0, 68, 43, 43, 43, 43, 43, 70, 0, 0, 0, 0, 0, 0, 0, 0, 0, 0, 0, 0, 0, 0, 0, 0, 0, 68,
            43, 43, 43, 43, 43, 43, 43, 43, 43, 43, 43, 43, 43, 43, 43, 70, 0, 0, 0, 0, 0, 0, 0, 0, 0, 68, 43, 43, 43, 43, 43, 70, 0, 0, 0, 0, 0, 0, 0, 0, 0, 0, 0, 0, 0, 0, 0, 0, 0, 68],
         "height":50,
         "id":1,
         "name":"platforms",
         "opacity":1,
         "type":"tilelayer",
         "visible":true,
         "width":50,
         "x":0,
         "y":0
        }, 
        {
         "draworder":"topdown",
         "id":9,
         "name":"colliders",
         "objects":[
                {
                 "height":80,
                 "id":64,
                 "name":"",
                 "rotation":0,
                 "type":"",
                 "visible":true,
                 "width":16,
                 "x":0,
                 "y":32
                }, 
                {
                 "height":16,
                 "id":65,
                 "name":"",
                 "rotation":0,
                 "type":"",
                 "visible":true,
                 "width":112,
                 "x":16,
                 "y":16
                }, 
                {
                 "height":16,
                 "id":66,
                 "name":"",
                 "rotation":0,
                 "type":"",
                 "visible":true,
                 "width":16,
                 "x":128,
                 "y":32
                }, 
                {
                 "height":16,
                 "id":67,
                 "name":"",
                 "rotation":0,
                 "type":"",
                 "visible":true,
                 "width":32,
                 "x":128,
                 "y":48
                }, 
                {
                 "height":64,
                 "id":68,
                 "name":"",
                 "rotation":0,
                 "type":"",
                 "visible":true,
                 "width":16,
                 "x":160,
                 "y":0
                }, 
                {
                 "height":32,
                 "id":69,
                 "name":"",
                 "rotation":0,
                 "type":"",
                 "visible":true,
                 "width":112,
                 "x":112,
                 "y":96
                }, 
                {
                 "height":16,
                 "id":70,
                 "name":"",
                 "rotation":0,
                 "type":"",
                 "visible":true,
                 "width":48,
                 "x":16,
                 "y":112
                }, 
                {
                 "height":80,
                 "id":73,
                 "name":"",
                 "rotation":0,
                 "type":"",
                 "visible":true,
                 "width":16,
                 "x":48,
                 "y":128
                }, 
                {
                 "height":16,
                 "id":74,
                 "name":"",
                 "rotation":0,
                 "type":"",
                 "visible":true,
                 "width":48,
                 "x":64,
                 "y":208
                }, 
                {
                 "height":16,
                 "id":75,
                 "name":"",
                 "rotation":0,
                 "type":"",
                 "visible":true,
                 "width":32,
                 "x":192,
                 "y":208
                }, 
                {
                 "height":32,
                 "id":76,
                 "name":"",
                 "rotation":0,
                 "type":"",
                 "visible":true,
                 "width":16,
                 "x":224,
                 "y":176
                }, 
                {
                 "height":16,
                 "id":77,
                 "name":"",
                 "rotation":0,
                 "type":"",
                 "visible":true,
                 "width":32,
                 "x":240,
                 "y":176
                }, 
                {
                 "height":16,
                 "id":80,
                 "name":"",
                 "rotation":0,
                 "type":"",
                 "visible":true,
                 "width":160,
                 "x":288,
                 "y":112
                }, 
                {
                 "height":64,
                 "id":81,
                 "name":"",
                 "rotation":0,
                 "type":"",
                 "visible":true,
                 "width":16,
                 "x":272,
                 "y":112
                }, 
                {
                 "height":32,
                 "id":82,
                 "name":"",
                 "rotation":0,
                 "type":"",
                 "visible":true,
                 "width":16,
                 "x":448,
                 "y":128
                }, 
                {
                 "height":16,
                 "id":83,
                 "name":"",
                 "rotation":0,
                 "type":"",
                 "visible":true,
                 "width":16,
                 "x":432,
                 "y":144
                }, 
                {
                 "height":160,
                 "id":84,
                 "name":"",
                 "rotation":0,
                 "type":"",
                 "visible":true,
                 "width":16,
                 "x":416,
                 "y":160
                }, 
                {
                 "height":32,
                 "id":85,
                 "name":"",
                 "rotation":0,
                 "type":"",
                 "visible":true,
                 "width":224,
                 "x":192,
                 "y":288
                }, 
                {
                 "height":32,
                 "id":87,
                 "name":"",
                 "rotation":0,
                 "type":"",
                 "visible":true,
                 "width":16,
                 "x":256,
                 "y":256
                }, 
                {
                 "height":16,
                 "id":88,
                 "name":"",
                 "rotation":0,
                 "type":"",
                 "visible":true,
                 "width":64.0625,
                 "x":191.9375,
                 "y":240
                }, 
                {
                 "height":48,
                 "id":89,
                 "name":"",
                 "rotation":0,
                 "type":"",
                 "visible":true,
                 "width":16,
                 "x":176,
                 "y":208
                }, 
                {
                 "height":128,
                 "id":90,
                 "name":"",
                 "rotation":0,
                 "type":"",
                 "visible":true,
                 "width":16,
                 "x":480,
                 "y":192
                }, 
                {
                 "height":16,
                 "id":93,
                 "name":"",
                 "rotation":0,
                 "type":"",
                 "visible":true,
                 "width":255.784090909091,
                 "x":496.090909090909,
                 "y":192
                }, 
                {
                 "height":31.9375,
                 "id":95,
                 "name":"",
                 "rotation":0,
                 "type":"",
                 "visible":true,
                 "width":16,
                 "x":752,
                 "y":160
                }, 
                {
                 "height":160,
                 "id":96,
                 "name":"",
                 "rotation":0,
                 "type":"",
                 "visible":true,
                 "width":16,
                 "x":768,
                 "y":0
                }, 
                {
                 "height":128,
                 "id":97,
                 "name":"",
                 "rotation":0,
                 "type":"",
                 "visible":true,
                 "width":16,
                 "x":496,
                 "y":0
                }, 
                {
                 "height":16,
                 "id":99,
                 "name":"",
                 "rotation":0,
                 "type":"",
                 "visible":true,
                 "width":288,
                 "x":496,
                 "y":304
                }, 
                {
                 "height":48,
                 "id":102,
                 "name":"",
                 "rotation":0,
                 "type":"",
                 "visible":true,
                 "width":16,
                 "x":448,
                 "y":336
                }, 
                {
                 "height":16,
                 "id":103,
                 "name":"",
                 "rotation":0,
                 "type":"",
                 "visible":true,
                 "width":512,
                 "x":0,
                 "y":384
                }, 
                {
                 "height":64,
                 "id":104,
                 "name":"",
                 "rotation":0,
                 "type":"",
                 "visible":true,
                 "width":16,
                 "x":496,
                 "y":400
                }, 
                {
                 "height":80,
                 "id":106,
                 "name":"",
                 "rotation":0,
                 "type":"",
                 "visible":true,
                 "width":32,
                 "x":560,
                 "y":384
                }, 
                {
                 "height":80,
                 "id":107,
                 "name":"",
                 "rotation":0,
                 "type":"",
                 "visible":true,
                 "width":32,
                 "x":640,
                 "y":384
                }, 
                {
                 "height":80,
                 "id":108,
                 "name":"",
                 "rotation":0,
                 "type":"",
                 "visible":true,
                 "width":32,
                 "x":704,
                 "y":384
                }, 
                {
                 "height":80,
                 "id":109,
                 "name":"",
                 "rotation":0,
                 "type":"",
                 "visible":true,
                 "width":16,
                 "x":768,
                 "y":384
                }, 
                {
                 "height":3,
                 "id":110,
                 "name":"",
                 "rotation":0,
                 "type":"passthrough",
                 "visible":true,
                 "width":16,
                 "x":432,
                 "y":224
                }, 
                {
                 "height":3.02222222222224,
                 "id":111,
                 "name":"",
                 "rotation":0,
                 "type":"passthrough",
                 "visible":true,
                 "width":16,
                 "x":464,
                 "y":256
                }, 
                {
                 "height":3.02222222222224,
                 "id":112,
                 "name":"",
                 "rotation":0,
                 "type":"passthrough",
                 "visible":true,
                 "width":16,
                 "x":432,
                 "y":288
                }, 
                {
                 "height":2.91304347826085,
                 "id":113,
                 "name":"",
                 "rotation":0,
                 "type":"passthrough",
                 "visible":true,
                 "width":16,
                 "x":64,
                 "y":160
                }, 
                {
                 "height":3,
                 "id":114,
                 "name":"",
                 "rotation":0,
                 "type":"passthrough",
                 "visible":true,
                 "width":16,
                 "x":96,
                 "y":96
                }, 
                {
                 "height":96,
                 "id":115,
                 "name":"",
                 "rotation":0,
                 "type":"",
                 "visible":true,
                 "width":16,
                 "x":112,
                 "y":208
                }, 
                {
                 "height":16,
                 "id":120,
                 "name":"",
                 "rotation":0,
                 "type":"",
                 "visible":true,
                 "width":128,
                 "x":0,
                 "y":304
                }, 
                {
                 "height":2.91304347826087,
                 "id":121,
                 "name":"",
                 "rotation":0,
                 "type":"passthrough",
                 "visible":true,
                 "width":14.2608695652175,
                 "x":736,
                 "y":416
                }, 
                {
                 "height":2.91304347826087,
                 "id":122,
                 "name":"",
                 "rotation":0,
                 "type":"passthrough",
                 "visible":true,
                 "width":13.6521739130435,
                 "x":754.347826086957,
                 "y":448
                }, 
                {
                 "height":3.04347826086951,
                 "id":123,
                 "name":"",
                 "rotation":0,
                 "type":"passthrough",
                 "visible":true,
                 "width":32,
                 "x":736,
                 "y":496
                }, 
                {
                 "height":2.95652173913038,
                 "id":124,
                 "name":"",
                 "rotation":0,
                 "type":"passthrough",
                 "visible":true,
                 "width":32,
                 "x":672,
                 "y":512
                }, 
                {
                 "height":2.95652173913049,
                 "id":128,
                 "name":"",
                 "rotation":0,
                 "type":"passthrough",
                 "visible":true,
                 "width":80,
                 "x":576,
                 "y":528
                }, 
                {
                 "height":16,
                 "id":129,
                 "name":"",
                 "rotation":0,
                 "type":"",
                 "visible":true,
                 "width":48,
                 "x":464,
                 "y":560
                }, 
                {
                 "height":224,
                 "id":130,
                 "name":"",
                 "rotation":0,
                 "type":"",
                 "visible":true,
                 "width":16,
                 "x":496,
                 "y":576
                }, 
                {
                 "height":2.83522727272725,
                 "id":131,
                 "name":"",
                 "rotation":0,
                 "type":"passthrough",
                 "visible":true,
                 "width":48,
                 "x":512,
                 "y":496
                }, 
                {
                 "height":176,
                 "id":132,
                 "name":"",
                 "rotation":0,
                 "type":"",
                 "visible":true,
                 "width":16,
                 "x":400,
                 "y":624
                },
            
                {
                 "height":48,
                 "id":133,
                 "name":"",
                 "rotation":0,
                 "type":"",
                 "visible":true,
                 "width":48,
                 "x":304,
                 "y":624
                }, 
                {
                 "height":256,
                 "id":134,
                 "name":"",
                 "rotation":0,
                 "type":"",
                 "visible":true,
                 "width":256,
                 "x":0,
                 "y":544
                }, 
                {
                 "height":0,
                 "id":135,
                 "name":"",
                 "polygon":[
                        {
                         "x":0,
                         "y":0
                        }, 
                        {
                         "x":64,
                         "y":-64
                        }, 
                        {
                         "x":64,
                         "y":-48
                        }, 
                        {
                         "x":16,
                         "y":0
                        }],
                 "rotation":0,
                 "type":"",
                 "visible":true,
                 "width":0,
                 "x":400,
                 "y":624
                }, 
                {
                 "height":480,
                 "id":144,
                 "name":"",
                 "rotation":0,
                 "type":"",
                 "visible":true,
                 "width":16,
                 "x":784,
                 "y":320
                }, 
                {
                 "height":16,
                 "id":145,
                 "name":"",
                 "rotation":0,
                 "type":"",
                 "visible":true,
                 "width":496,
                 "x":0,
                 "y":448
                }, 
                {
                 "height":64,
                 "id":147,
                 "name":"",
                 "rotation":0,
                 "type":"",
                 "visible":true,
                 "width":16,
                 "x":208,
                 "y":32
                }, 
                {
                 "height":32,
                 "id":161,
                 "name":"",
                 "rotation":0,
                 "type":"",
                 "visible":true,
                 "width":16,
                 "x":176,
                 "y":288
                }, 
                {
                 "height":64,
                 "id":172,
                 "name":"boss-barrier",
                 "properties":[
                        {
                         "name":"camPosX",
                         "type":"int",
                         "value":640
                        }],
                 "rotation":0,
                 "type":"",
                 "visible":true,
                 "width":9.75,
                 "x":499.125,
                 "y":128
                }],
         "opacity":1,
         "type":"objectgroup",
         "visible":true,
         "x":0,
         "y":0
        }, 
        {
         "draworder":"topdown",
         "id":7,
         "name":"positions",
         "objects":[
                {
                 "height":0,
                 "id":8,
                 "name":"player",
                 "point":true,
                 "rotation":0,
                 "type":"",
                 "visible":true,
                 "width":0,
                 "x":48,
                 "y":96
                }, 
                {
                 "height":0,
                 "id":157,
                 "name":"entrance-1",
                 "point":true,
                 "rotation":0,
                 "type":"",
                 "visible":true,
                 "width":0,
                 "x":16,
                 "y":350
                }, 
                {
                 "height":0,
                 "id":159,
                 "name":"entrance-2",
                 "point":true,
                 "rotation":0,
                 "type":"",
                 "visible":true,
                 "width":0,
                 "x":16,
                 "y":520
                }, 
                {
                 "height":0,
                 "id":165,
                 "name":"",
                 "point":true,
                 "rotation":0,
                 "type":"drone",
                 "visible":true,
                 "width":0,
                 "x":272,
                 "y":336
                }, 
                {
                 "height":0,
                 "id":166,
                 "name":"",
                 "point":true,
                 "rotation":0,
                 "type":"drone",
                 "visible":true,
                 "width":0,
                 "x":144,
                 "y":160
                }, 
                {
                 "height":0,
                 "id":167,
                 "name":"",
                 "point":true,
                 "rotation":0,
                 "type":"drone",
                 "visible":true,
                 "width":0,
                 "x":752,
                 "y":352
                }, 
                {
                 "height":0,
                 "id":168,
                 "name":"",
                 "point":true,
                 "rotation":0,
                 "type":"drone",
                 "visible":true,
                 "width":0,
                 "x":416,
                 "y":496
                }, 
                {
                 "height":0,
                 "id":170,
                 "name":"boss",
                 "point":true,
                 "rotation":0,
                 "type":"",
                 "visible":true,
                 "width":0,
                 "x":672,
                 "y":160
                }, 
                {
                 "height":0,
                 "id":173,
                 "name":"",
                 "point":true,
                 "rotation":0,
                 "type":"cartridge",
                 "visible":true,
                 "width":0,
                 "x":216,
                 "y":26.3636363636364
                }, 
                {
                 "height":0,
                 "id":174,
                 "name":"",
                 "point":true,
                 "rotation":0,
                 "type":"cartridge",
                 "visible":true,
                 "width":0,
                 "x":280.545454545455,
                 "y":89.2727272727273
                }, 
                {
                 "height":0,
                 "id":175,
                 "name":"",
                 "point":true,
                 "rotation":0,
                 "type":"cartridge",
                 "visible":true,
                 "width":0,
                 "x":247.818181818182,
                 "y":281.454545454545
                }, 
                {
                 "height":0,
                 "id":176,
                 "name":"",
                 "point":true,
                 "rotation":0,
                 "type":"cartridge",
                 "visible":true,
                 "width":0,
                 "x":327.272727272727,
                 "y":616.727272727273
                }],
         "opacity":1,
         "type":"objectgroup",
         "visible":true,
         "x":0,
         "y":0
        }, 
        {
         "draworder":"topdown",
         "id":8,
         "name":"cameras",
         "objects":[
                {
                 "height":13.1306818181818,
                 "id":17,
                 "name":"",
                 "properties":[
                        {
                         "name":"camPosY",
                         "type":"int",
                         "value":210
                        }],
                 "rotation":0,
                 "type":"",
                 "visible":true,
                 "width":206.3125,
                 "x":64.75,
                 "y":144
                }, 
                {
                 "height":110.875,
                 "id":20,
                 "name":"",
                 "properties":[
                        {
                         "name":"camPosY",
                         "type":"int",
                         "value":100
                        }],
                 "rotation":0,
                 "type":"",
                 "visible":true,
                 "width":16,
                 "x":272,
                 "y":0
                }, 
                {
                 "height":16,
                 "id":32,
                 "name":"",
                 "properties":[
                        {
                         "name":"camPosY",
                         "type":"int",
                         "value":350
                        }],
                 "rotation":0,
                 "type":"",
                 "visible":true,
                 "width":44.063,
                 "x":129.8435,
                 "y":300.5
                }, 
                {
                 "height":6.90909090909093,
                 "id":45,
                 "name":"",
                 "properties":[
                        {
                         "name":"camPosY",
                         "type":"int",
                         "value":140
                        }],
                 "rotation":0,
                 "type":"",
                 "visible":true,
                 "width":44.063,
                 "x":434.155303030302,
                 "y":192.518939393939
                }, 
                {
                 "height":8.4375,
                 "id":48,
                 "name":"",
                 "properties":[
                        {
                         "name":"camPosY",
                         "type":"int",
                         "value":100
                        }],
                 "rotation":0,
                 "type":"",
                 "visible":true,
                 "width":44.625,
                 "x":65.5,
                 "y":112.636363636364
                }, 
                {
                 "height":6.90909,
                 "id":60,
                 "name":"",
                 "properties":[
                        {
                         "name":"camPosY",
                         "type":"int",
                         "value":350
                        }],
                 "rotation":0,
                 "type":"",
                 "visible":true,
                 "width":44.063,
                 "x":434.150318181818,
                 "y":305.909091363636
                }, 
                {
                 "height":6.90909,
                 "id":61,
                 "name":"",
                 "properties":[
                        {
                         "name":"camPosY",
                         "type":"int",
                         "value":220
                        }],
                 "rotation":0,
                 "type":"",
                 "visible":true,
                 "width":44.063,
                 "x":434.241227272727,
                 "y":240.454545909091
                }, 
                {
                 "height":30.5625,
                 "id":63,
                 "name":"",
                 "properties":[
                        {
                         "name":"camPosY",
                         "type":"int",
                         "value":100
                        }],
                 "rotation":0,
                 "type":"",
                 "visible":true,
                 "width":10.25,
                 "x":163.75,
                 "y":64.75
                }, 
                {
                 "height":10.9090909090909,
                 "id":139,
                 "name":"",
                 "properties":[
                        {
                         "name":"camPosY",
                         "type":"int",
                         "value":520
                        }],
                 "rotation":0,
                 "type":"",
                 "visible":true,
                 "width":252.608454545454,
                 "x":513.719,
                 "y":435.931818181818
                }, 
                {
                 "height":16,
                 "id":143,
                 "name":"",
                 "properties":[
                        {
                         "name":"camPosY",
                         "type":"int",
                         "value":580
                        }],
                 "rotation":0,
                 "type":"",
                 "visible":true,
                 "width":174.7815,
                 "x":256,
                 "y":576
                }, 
                {
                 "height":10.5454536363636,
                 "id":146,
                 "name":"",
                 "properties":[
                        {
                         "name":"camPosY",
                         "type":"int",
                         "value":350
                        }],
                 "rotation":0,
                 "type":"",
                 "visible":true,
                 "width":26.3811818181819,
                 "x":738.900318181818,
                 "y":402.295455
                }, 
                {
                 "height":96,
                 "id":155,
                 "name":"",
                 "properties":[
                        {
                         "name":"camPosY",
                         "type":"int",
                         "value":520
                        }],
                 "rotation":0,
                 "type":"",
                 "visible":true,
                 "width":16,
                 "x":464,
                 "y":464
                }, 
                {
                 "height":128,
                 "id":156,
                 "name":"",
                 "properties":[
                        {
                         "name":"camPosY",
                         "type":"int",
                         "value":100
                        }],
                 "rotation":0,
                 "type":"",
                 "visible":true,
                 "width":16,
                 "x":448,
                 "y":0
                }, 
                {
                 "height":192,
                 "id":162,
                 "name":"",
                 "properties":[
                        {
                         "name":"camPosY",
                         "type":"int",
                         "value":140
                        }],
                 "rotation":0,
                 "type":"",
                 "visible":true,
                 "width":16,
                 "x":480,
                 "y":0
                }, 
                {
                 "height":80,
                 "id":163,
                 "name":"",
                 "properties":[
                        {
                         "name":"camPosY",
                         "type":"int",
                         "value":520
                        }],
                 "rotation":0,
                 "type":"",
                 "visible":true,
                 "width":16,
                 "x":240,
                 "y":464
                }, 
                {
                 "height":13.1307,
                 "id":169,
                 "name":"",
                 "properties":[
                        {
                         "name":"camPosY",
                         "type":"int",
                         "value":210
                        }],
                 "rotation":0,
                 "type":"",
                 "visible":true,
                 "width":124.295454545455,
                 "x":129.977272727273,
                 "y":269.909090909091
                }],
         "opacity":1,
         "type":"objectgroup",
         "visible":false,
         "x":0,
         "y":0
        }, 
        {
         "draworder":"topdown",
         "id":10,
         "name":"exits",
         "objects":[
                {
                 "height":64,
                 "id":150,
                 "name":"exit-1",
                 "rotation":0,
                 "type":"",
                 "visible":true,
                 "width":1.5625,
                 "x":0,
                 "y":320
                }, 
                {
                 "height":80,
                 "id":152,
                 "name":"exit-2",
                 "rotation":0,
                 "type":"",
                 "visible":true,
                 "width":1.875,
                 "x":0,
                 "y":464
                }],
         "opacity":1,
         "type":"objectgroup",
         "visible":false,
         "x":0,
         "y":0
        }],
 "nextlayerid":11,
 "nextobjectid":177,
 "orientation":"orthogonal",
 "renderorder":"right-down",
 "tiledversion":"1.10.2",
 "tileheight":16,
 "tilesets":[
        {
         "columns":33,
         "firstgid":1,
         "image":"..\/assets\/tileset.png",
         "imageheight":336,
         "imagewidth":528,
         "margin":0,
         "name":"tileset",
         "spacing":0,
         "tilecount":693,
         "tileheight":16,
         "tilewidth":16
        }, 
        {
         "columns":13,
         "firstgid":694,
         "image":"..\/assets\/background.png",
         "imageheight":400,
         "imagewidth":208,
         "margin":0,
         "name":"background",
         "spacing":0,
         "tilecount":325,
         "tileheight":16,
         "tilewidth":16
        }],
 "tilewidth":16,
 "type":"map",
 "version":"1.10",
 "width":50
}