{ "compressionlevel":-1,
 "height":20,
 "infinite":false,
 "layers":[
        {
         "data":[0, 0, 0, 0, 0, 0, 0, 0, 0, 0, 0, 0, 0, 0, 0, 0, 0, 0, 0, 0, 0, 0, 0, 0, 0, 0, 0,
            0, 0, 0, 0, 299, 300, 300, 300, 300, 300, 300, 301, 0, 0, 0, 0, 0, 0, 0, 0, 0, 0, 0, 0, 0, 0, 0,
            0, 0, 0, 0, 332, 333, 333, 333, 333, 333, 333, 304, 301, 0, 0, 0, 0, 0, 0, 0, 0, 0, 0, 0, 0, 0, 0,
            0, 0, 0, 0, 332, 333, 333, 333, 333, 333, 333, 333, 334, 0, 0, 0, 305, 0, 0, 0, 0, 0, 0, 0, 0, 0, 0,
            0, 0, 0, 0, 0, 333, 333, 333, 333, 333, 333, 333, 334, 0, 0, 0, 338, 371, 371, 371, 371, 371, 371, 371, 371, 371, 371,
            0, 0, 0, 0, 0, 333, 333, 333, 333, 333, 333, 337, 367, 0, 0, 0, 0, 0, 0, 0, 0, 0, 0, 0, 0, 0, 0,
            0, 0, 0, 0, 365, 366, 366, 366, 366, 366, 366, 367, 0, 0, 0, 0, 0, 0, 0, 0, 0, 0, 0, 0, 0, 0, 0,
            0, 0, 0, 0, 0, 0, 0, 0, 0, 299, 300, 300, 300, 301, 0, 0, 0, 0, 0, 0, 0, 0, 0, 0, 0, 0, 0,
            0, 0, 0, 0, 0, 0, 0, 0, 0, 303, 333, 333, 333, 304, 300, 300, 300, 300, 300, 301, 0, 0, 0, 0, 0, 0, 0,
            0, 0, 0, 0, 0, 0, 0, 0, 303, 333, 333, 333, 333, 333, 333, 333, 333, 333, 333, 304, 0, 0, 0, 0, 0, 0, 0,
            0, 0, 0, 0, 0, 0, 299, 303, 333, 333, 333, 333, 333, 333, 333, 333, 333, 333, 333, 333, 334, 0, 0, 0, 0, 0, 0,
            0, 0, 0, 0, 0, 0, 332, 333, 333, 333, 333, 333, 333, 333, 333, 333, 333, 333, 333, 337, 0, 0, 0, 0, 0, 0, 0,
            0, 0, 0, 0, 0, 0, 332, 333, 333, 333, 333, 333, 333, 0, 0, 0, 0, 0, 0, 0, 0, 0, 0, 0, 0, 0, 0,
            0, 0, 0, 0, 0, 0, 332, 333, 333, 333, 333, 333, 333, 0, 0, 0, 0, 0, 0, 0, 0, 0, 303, 304, 0, 0, 0,
            0, 0, 0, 0, 0, 0, 332, 333, 333, 333, 333, 333, 333, 0, 0, 0, 0, 0, 0, 0, 0, 0, 336, 337, 0, 0, 0,
            0, 0, 0, 0, 0, 0, 365, 366, 366, 366, 366, 366, 366, 0, 0, 0, 0, 0, 0, 300, 301, 0, 0, 0, 0, 0, 0,
            0, 0, 0, 0, 0, 0, 0, 0, 0, 0, 0, 0, 299, 303, 0, 0, 0, 0, 0, 333, 304, 301, 0, 0, 0, 0, 0,
            0, 0, 0, 0, 0, 0, 0, 0, 0, 0, 0, 299, 303, 333, 333, 333, 333, 333, 333, 333, 333, 334, 0, 0, 299, 303, 333,
            0, 0, 0, 0, 0, 0, 299, 300, 300, 300, 300, 303, 333, 333, 333, 333, 333, 333, 333, 333, 333, 334, 0, 0, 332, 333, 333,
            0, 0, 0, 0, 0, 0, 332, 333, 333, 333, 333, 333, 333, 0, 0, 0, 0, 0, 0, 0, 0, 0, 0, 0, 0, 0, 0],
         "height":20,
         "id":3,
         "name":"background-2",
         "opacity":1,
         "type":"tilelayer",
         "visible":true,
         "width":27,
         "x":0,
         "y":0
        }, 
        {
         "data":[0, 0, 0, 0, 0, 0, 0, 0, 0, 0, 0, 0, 0, 0, 0, 0, 0, 0, 0, 0, 0, 0, 0, 0, 0, 0, 0,
            0, 0, 0, 0, 0, 0, 0, 0, 0, 0, 0, 0, 0, 0, 0, 0, 0, 0, 0, 0, 0, 0, 0, 0, 0, 0, 0,
            0, 0, 0, 0, 0, 0, 0, 0, 0, 0, 0, 0, 0, 0, 0, 0, 0, 0, 0, 0, 0, 0, 0, 0, 0, 0, 0,
            0, 0, 0, 0, 0, 0, 0, 0, 0, 0, 0, 0, 0, 0, 0, 0, 0, 0, 0, 0, 0, 0, 0, 0, 0, 0, 0,
            0, 0, 0, 0, 0, 0, 0, 0, 0, 0, 0, 0, 0, 0, 0, 0, 0, 0, 0, 0, 0, 0, 0, 0, 0, 0, 0,
            0, 0, 0, 0, 0, 0, 0, 0, 0, 0, 0, 0, 0, 0, 0, 0, 0, 0, 0, 0, 0, 0, 0, 0, 0, 0, 0,
            0, 0, 0, 0, 0, 0, 0, 0, 0, 0, 0, 0, 0, 0, 0, 0, 0, 0, 0, 0, 0, 0, 0, 0, 0, 0, 0,
            0, 0, 0, 0, 0, 0, 0, 0, 0, 0, 0, 0, 0, 0, 0, 0, 0, 0, 0, 0, 0, 0, 0, 0, 0, 0, 0,
            0, 0, 0, 0, 0, 0, 0, 0, 0, 0, 0, 0, 0, 0, 0, 0, 0, 0, 0, 0, 0, 0, 0, 0, 0, 0, 0,
            0, 0, 0, 0, 0, 0, 0, 0, 0, 0, 0, 0, 0, 0, 0, 0, 0, 0, 0, 0, 0, 0, 0, 0, 0, 0, 0,
            0, 0, 0, 0, 0, 0, 0, 0, 0, 0, 0, 0, 0, 0, 0, 0, 0, 0, 0, 0, 0, 0, 0, 0, 0, 0, 0,
            0, 0, 0, 0, 0, 0, 0, 0, 0, 0, 0, 0, 0, 0, 0, 0, 0, 0, 0, 0, 0, 0, 0, 0, 0, 0, 0,
            0, 0, 0, 0, 0, 0, 0, 0, 0, 0, 0, 0, 0, 0, 0, 0, 0, 0, 0, 0, 0, 0, 0, 0, 0, 0, 0,
            0, 0, 0, 0, 0, 0, 0, 0, 0, 0, 0, 0, 0, 0, 0, 0, 0, 0, 0, 0, 0, 0, 0, 0, 0, 0, 0,
            0, 0, 0, 0, 0, 0, 0, 0, 0, 0, 0, 0, 0, 0, 0, 0, 0, 0, 0, 0, 0, 0, 0, 0, 0, 0, 0,
            0, 0, 0, 0, 0, 0, 0, 0, 0, 0, 0, 0, 0, 0, 0, 0, 0, 0, 0, 0, 0, 0, 0, 0, 0, 0, 0,
            0, 0, 0, 0, 0, 0, 0, 0, 0, 0, 0, 0, 0, 0, 0, 0, 0, 0, 0, 0, 0, 0, 0, 0, 0, 0, 0,
            0, 0, 0, 0, 0, 0, 0, 0, 0, 0, 0, 0, 0, 0, 0, 0, 0, 0, 0, 0, 0, 0, 0, 0, 0, 0, 0,
            0, 0, 0, 0, 0, 0, 0, 0, 0, 0, 0, 0, 0, 0, 0, 0, 0, 0, 0, 0, 0, 0, 0, 0, 0, 0, 0,
            0, 0, 0, 0, 0, 0, 0, 0, 0, 0, 0, 0, 0, 0, 0, 0, 0, 0, 0, 0, 0, 0, 0, 0, 0, 0, 0],
         "height":20,
         "id":2,
         "name":"background",
         "opacity":1,
         "type":"tilelayer",
         "visible":true,
         "width":27,
         "x":0,
         "y":0
        }, 
        {
         "data":[0, 0, 0, 0, 0, 0, 0, 0, 0, 0, 0, 0, 0, 0, 0, 0, 0, 0, 0, 0, 0, 0, 0, 0, 0, 0, 0,
            0, 0, 0, 0, 0, 0, 0, 0, 0, 0, 0, 0, 0, 0, 0, 0, 191, 52, 0, 57, 0, 0, 55, 0, 0, 57, 94,
            0, 0, 0, 0, 0, 0, 0, 0, 0, 0, 0, 0, 0, 0, 0, 0, 0, 0, 0, 0, 0, 0, 0, 0, 0, 0, 0,
            0, 0, 0, 0, 0, 0, 0, 0, 0, 0, 0, 0, 0, 0, 0, 213, 0, 0, 0, 0, 0, 0, 0, 0, 0, 0, 0,
            0, 0, 0, 0, 0, 0, 0, 0, 0, 0, 0, 0, 0, 0, 0, 0, 0, 0, 0, 0, 0, 0, 0, 0, 0, 0, 0,
            0, 0, 0, 0, 0, 0, 0, 0, 0, 0, 0, 0, 0, 0, 0, 0, 0, 0, 0, 0, 0, 0, 0, 0, 0, 0, 0,
            0, 0, 0, 0, 0, 0, 0, 0, 0, 0, 0, 0, 0, 0, 0, 0, 0, 0, 0, 0, 0, 0, 0, 0, 0, 0, 0,
            0, 0, 0, 0, 0, 0, 0, 0, 0, 0, 0, 0, 0, 0, 0, 0, 0, 0, 0, 0, 0, 0, 0, 0, 0, 0, 0,
            0, 0, 0, 0, 0, 0, 0, 0, 0, 0, 0, 0, 0, 0, 0, 0, 0, 0, 0, 0, 0, 0, 0, 0, 0, 0, 0,
            0, 0, 0, 0, 0, 0, 0, 0, 0, 0, 0, 0, 0, 0, 0, 0, 0, 0, 0, 0, 0, 0, 0, 0, 0, 0, 0,
            0, 0, 0, 0, 0, 0, 0, 0, 0, 0, 0, 0, 0, 0, 0, 0, 210, 0, 0, 0, 0, 210, 0, 0, 0, 210, 0,
            0, 0, 0, 0, 0, 0, 0, 0, 0, 0, 0, 0, 0, 0, 0, 0, 243, 0, 0, 0, 0, 243, 0, 0, 0, 243, 0,
            0, 0, 224, 225, 0, 0, 0, 0, 0, 0, 0, 0, 0, 0, 0, 0, 0, 0, 0, 0, 0, 0, 0, 0, 0, 0, 0,
            0, 0, 257, 258, 0, 0, 0, 0, 0, 0, 0, 0, 0, 0, 0, 0, 0, 0, 0, 0, 0, 0, 0, 0, 0, 0, 0,
            0, 0, 0, 0, 0, 0, 0, 0, 0, 0, 0, 0, 0, 0, 0, 0, 0, 0, 0, 0, 52, 52, 0, 55, 0, 53, 0,
            0, 0, 0, 0, 0, 0, 0, 0, 0, 0, 0, 0, 0, 0, 0, 0, 0, 0, 0, 0, 0, 0, 0, 0, 0, 0, 0,
            0, 0, 0, 0, 0, 0, 0, 0, 0, 0, 0, 0, 0, 0, 0, 0, 0, 0, 0, 0, 0, 0, 0, 0, 0, 0, 0,
            0, 0, 0, 0, 0, 0, 0, 0, 0, 0, 0, 0, 0, 0, 0, 0, 0, 0, 0, 0, 0, 0, 0, 0, 0, 0, 0,
            0, 0, 0, 0, 0, 0, 0, 0, 0, 0, 0, 0, 0, 0, 0, 0, 0, 0, 0, 0, 0, 0, 0, 0, 0, 0, 0,
            0, 0, 0, 0, 0, 0, 0, 0, 0, 0, 0, 0, 0, 0, 0, 0, 0, 0, 0, 0, 0, 0, 0, 0, 0, 0, 0],
         "height":20,
         "id":4,
         "name":"props",
         "opacity":1,
         "type":"tilelayer",
         "visible":true,
         "width":27,
         "x":0,
         "y":0
        }, 
        {
         "data":[0, 0, 0, 0, 0, 0, 0, 0, 0, 0, 0, 0, 0, 0, 68, 69, 214, 214, 214, 214, 214, 214, 214, 214, 214, 214, 214,
            0, 0, 0, 0, 0, 0, 0, 0, 0, 0, 0, 0, 0, 0, 68, 213, 0, 0, 0, 0, 0, 0, 0, 0, 0, 0, 0,
            0, 0, 0, 0, 0, 0, 0, 0, 0, 0, 0, 0, 0, 0, 68, 213, 0, 0, 0, 0, 0, 0, 0, 0, 0, 0, 0,
            0, 0, 0, 0, 0, 0, 0, 0, 0, 0, 0, 0, 0, 0, 68, 213, 0, 0, 0, 0, 0, 0, 0, 0, 0, 0, 0,
            0, 0, 0, 0, 332, 0, 0, 0, 0, 0, 0, 0, 0, 0, 68, 213, 0, 0, 0, 0, 0, 0, 0, 0, 0, 0, 0,
            0, 0, 0, 0, 332, 0, 0, 0, 0, 0, 0, 0, 0, 0, 68, 69, 246, 246, 246, 246, 246, 246, 246, 246, 246, 246, 246,
            0, 0, 0, 0, 0, 0, 0, 0, 0, 0, 0, 0, 0, 0, 101, 102, 102, 102, 102, 102, 102, 102, 102, 102, 102, 102, 102,
            0, 0, 0, 0, 0, 0, 0, 0, 0, 0, 0, 0, 0, 0, 0, 0, 0, 0, 0, 0, 0, 0, 0, 0, 0, 0, 0,
            0, 0, 0, 0, 0, 0, 0, 0, 0, 0, 0, 0, 0, 0, 0, 0, 0, 0, 0, 0, 0, 0, 0, 0, 0, 0, 0,
            0, 0, 0, 0, 0, 0, 0, 0, 0, 0, 0, 0, 0, 0, 0, 0, 0, 0, 0, 0, 0, 0, 0, 0, 0, 0, 0,
            0, 0, 0, 0, 0, 0, 0, 0, 0, 0, 0, 0, 0, 0, 0, 0, 0, 0, 0, 0, 0, 0, 0, 0, 0, 0, 0,
            0, 0, 0, 0, 0, 0, 0, 0, 0, 0, 0, 0, 0, 0, 0, 0, 0, 0, 0, 0, 0, 0, 0, 0, 0, 0, 0,
            0, 0, 0, 0, 0, 0, 0, 0, 0, 0, 0, 0, 34, 35, 36, 36, 36, 36, 36, 36, 36, 36, 36, 36, 36, 36, 36,
            0, 0, 0, 0, 0, 0, 0, 0, 0, 0, 0, 0, 0, 68, 69, 69, 69, 69, 69, 214, 214, 214, 214, 214, 214, 214, 69,
            34, 35, 36, 36, 37, 38, 0, 0, 0, 0, 0, 0, 0, 68, 69, 69, 69, 69, 70, 0, 0, 0, 0, 0, 0, 0, 68,
            0, 101, 102, 102, 103, 0, 0, 0, 0, 0, 0, 0, 0, 68, 69, 69, 69, 69, 70, 0, 0, 0, 0, 0, 0, 0, 68,
            0, 0, 0, 0, 0, 0, 0, 0, 0, 0, 0, 0, 0, 101, 102, 102, 102, 102, 103, 0, 0, 0, 0, 0, 0, 0, 101,
            0, 0, 0, 0, 0, 0, 0, 0, 0, 0, 0, 0, 0, 0, 0, 0, 0, 0, 0, 0, 0, 0, 0, 0, 0, 0, 0,
            0, 0, 0, 0, 0, 0, 0, 0, 0, 0, 0, 0, 0, 0, 0, 0, 0, 0, 0, 0, 0, 0, 0, 0, 0, 0, 0,
            0, 0, 0, 0, 0, 0, 0, 0, 0, 0, 0, 0, 34, 35, 246, 246, 246, 246, 246, 246, 246, 246, 246, 246, 246, 246, 246],
         "height":20,
         "id":1,
         "name":"platforms",
         "opacity":1,
         "type":"tilelayer",
         "visible":true,
         "width":27,
         "x":0,
         "y":0
        }, 
        {
         "draworder":"topdown",
         "id":5,
         "name":"colliders",
         "objects":[
                {
                 "height":112,
                 "id":1,
                 "name":"",
                 "rotation":0,
                 "type":"",
                 "visible":true,
                 "width":32,
                 "x":224,
                 "y":0
                }, 
                {
                 "height":32,
                 "id":2,
                 "name":"",
                 "rotation":0,
                 "type":"",
                 "visible":true,
                 "width":176,
                 "x":256,
                 "y":80
                }, 
                {
                 "height":16,
                 "id":3,
                 "name":"",
                 "rotation":0,
                 "type":"",
                 "visible":true,
                 "width":176,
                 "x":256,
                 "y":0
                }, 
                {
                 "height":32,
                 "id":5,
                 "name":"",
                 "rotation":0,
                 "type":"",
                 "visible":true,
                 "width":64,
                 "x":16,
                 "y":224
                }, 
                {
                 "height":32,
                 "id":6,
                 "name":"",
                 "rotation":0,
                 "type":"",
                 "visible":true,
                 "width":224,
                 "x":208,
                 "y":192
                }, 
                {
                 "height":48,
                 "id":7,
                 "name":"",
                 "rotation":0,
                 "type":"",
                 "visible":true,
                 "width":96,
                 "x":208,
                 "y":224
                }, 
                {
                 "height":48,
                 "id":8,
                 "name":"",
                 "rotation":0,
                 "type":"",
                 "visible":true,
                 "width":16,
                 "x":416,
                 "y":224
                }, 
                {
                 "height":16,
                 "id":12,
                 "name":"",
                 "rotation":0,
                 "type":"",
                 "visible":true,
                 "width":224,
                 "x":208,
                 "y":304
                }],
         "opacity":1,
         "type":"objectgroup",
         "visible":true,
         "x":0,
         "y":0
        }, 
        {
         "draworder":"topdown",
         "id":6,
         "name":"positions",
         "objects":[
                {
                 "height":0,
                 "id":13,
                 "name":"entrance-1",
                 "point":true,
                 "rotation":0,
                 "type":"",
                 "visible":true,
                 "width":0,
                 "x":416,
                 "y":64
                }, 
                {
                 "height":0,
                 "id":14,
                 "name":"entrance-2",
                 "point":true,
                 "rotation":0,
                 "type":"",
                 "visible":true,
                 "width":0,
                 "x":416,
                 "y":150
                }, 
                {
                 "height":0,
                 "id":24,
                 "name":"",
                 "point":true,
                 "rotation":0,
                 "type":"cartridge",
                 "visible":true,
                 "width":0,
                 "x":264,
                 "y":70
                }],
         "opacity":1,
         "type":"objectgroup",
         "visible":true,
         "x":0,
         "y":0
        }, 
        {
         "draworder":"topdown",
         "id":7,
         "name":"cameras",
         "objects":[
                {
                 "height":80,
                 "id":17,
                 "name":"",
                 "properties":[
                        {
                         "name":"camPosY",
                         "type":"int",
                         "value":150
                        }],
                 "rotation":0,
                 "type":"",
                 "visible":true,
                 "width":16,
                 "x":416,
                 "y":112
                }, 
                {
                 "height":320,
                 "id":21,
                 "name":"",
                 "properties":[
                        {
                         "name":"camPosY",
                         "type":"int",
                         "value":230
                        }],
                 "rotation":0,
                 "type":"",
                 "visible":true,
                 "width":108.75,
                 "x":96,
                 "y":0
                }, 
                {
                 "height":80,
                 "id":22,
                 "name":"",
                 "properties":[
                        {
                         "name":"camPosY",
                         "type":"int",
                         "value":150
                        }],
                 "rotation":0,
                 "type":"",
                 "visible":true,
                 "width":16,
                 "x":224,
                 "y":112
                }, 
                {
                 "height":64,
                 "id":23,
                 "name":"",
                 "properties":[
                        {
                         "name":"camPosY",
                         "type":"int",
                         "value":150
                        }],
                 "rotation":0,
                 "type":"",
                 "visible":true,
                 "width":16,
                 "x":256,
                 "y":16
                }],
         "opacity":1,
         "type":"objectgroup",
         "visible":true,
         "x":0,
         "y":0
        }, 
        {
         "draworder":"topdown",
         "id":8,
         "name":"exits",
         "objects":[
                {
                 "height":64,
                 "id":15,
                 "name":"exit-1",
                 "rotation":0,
                 "type":"",
                 "visible":true,
                 "width":1.27272727272725,
                 "x":430.727272727273,
                 "y":16
                }, 
                {
                 "height":79.4545454545455,
                 "id":16,
                 "name":"exit-2",
                 "rotation":0,
                 "type":"",
                 "visible":true,
                 "width":1.27273,
                 "x":430.636362272727,
                 "y":112.272727272727
                }, 
                {
                 "height":31.6875,
                 "id":26,
                 "name":"final-exit",
                 "rotation":0,
                 "type":"",
                 "visible":true,
                 "width":1,
                 "x":430.96875,
                 "y":272.1875
                }],
         "opacity":1,
         "type":"objectgroup",
         "visible":true,
         "x":0,
         "y":0
        }],
 "nextlayerid":9,
 "nextobjectid":28,
 "orientation":"orthogonal",
 "renderorder":"right-down",
 "tiledversion":"1.10.2",
 "tileheight":16,
 "tilesets":[
        {
         "columns":33,
         "firstgid":1,
         "image":"..\/assets\/tileset.png",
         "imageheight":336,
         "imagewidth":528,
         "margin":0,
         "name":"tileset",
         "spacing":0,
         "tilecount":693,
         "tileheight":16,
         "tilewidth":16
        }, 
        {
         "columns":13,
         "firstgid":694,
         "image":"..\/assets\/background.png",
         "imageheight":400,
         "imagewidth":208,
         "margin":0,
         "name":"background",
         "spacing":0,
         "tilecount":325,
         "tileheight":16,
         "tilewidth":16
        }],
 "tilewidth":16,
 "type":"map",
 "version":"1.10",
 "width":27
}